siteId,seqNo,date,time,temp1,temp2,temp3,humidity1,humidity2,humidity3,light
1000, 0, 2021-12-26, 00:01:01, 19, 19.2, 23.7, 99.9, 93, 95, 0.625
1000, 1, 2021-12-26, 00:02:01, 19.1, 19.1, 24.6, 99.9, 93, 95, 0.625
1000, 2, 2021-12-26, 00:03:04, ?, 19, 24.6, ?, 93, 95, 0.625
1000, 3, 2021-12-26, 00:04:03, ?, 19.1, 26.6, ?, 93, 95, 0.625
1000, 4, 2021-12-26, 00:05:01, 19.2, 19.1, 25.6, 99.9, 93, 95, 0.625
1000, 5, 2021-12-26, 00:06:03, ?, 19.1, 26.1, ?, 93, 95, 0.625
1000, 6, 2021-12-26, 00:07:01, 19.2, 19.1, 24.6, 99.9, 93, 95, 0.625
1000, 7, 2021-12-26, 00:08:01, 19.1, 19, 26, 99.9, 93, 95, 0.625
1000, 8, 2021-12-26, 00:09:03, ?, 19.1, 24.4, ?, 93, 95, 0.625
1000, 9, 2021-12-26, 00:10:03, ?, 19, 24.9, ?, 93, 95, 0.625
1000, 10, 2021-12-26, 00:11:03, ?, 19, 25.1, ?, 93, 95, 0.625
1000, 11, 2021-12-26, 00:12:03, ?, 18.9, 24.8, ?, 93, 95, 0.625
1000, 12, 2021-12-26, 00:13:01, 19, 18.9, 24.3, 99.9, 93, 95, 0.625
1000, 13, 2021-12-26, 00:14:03, ?, 18.9, 25, ?, 93, 95, 0.625
1000, 14, 2021-12-26, 00:15:01, 19, 19, 23.1, 99.9, 93, 95, 0.625
1000, 15, 2021-12-26, 00:16:01, 19, 19, 25.1, 99.9, 93, 95, 0.625
1000, 16, 2021-12-26, 00:17:01, 18.9, 19, 25.3, 99.9, 93, 95, 0.625
1000, 17, 2021-12-26, 00:18:03, ?, 19, 24.7, ?, 93, 95, 0.625
1000, 18, 2021-12-26, 00:19:01, 19, 18.9, 24.7, 99.9, 93, 95, 0.625
1000, 19, 2021-12-26, 00:20:03, ?, 18.9, 23.1, ?, 93, 95, 0.625
1000, 20, 2021-12-26, 00:21:03, ?, 18.9, 22, ?, 93, 95, 0.625
1000, 21, 2021-12-26, 00:22:01, 19, 18.9, 22.6, 99.9, 93, 95, 0.625
1000, 22, 2021-12-26, 00:23:03, ?, 18.8, 22, ?, 93, 95, 0.625
1000, 23, 2021-12-26, 00:24:01, 19, 18.9, 22.3, 99.9, 93, 95, 0.625
1000, 24, 2021-12-26, 00:25:01, 18.9, 18.8, 21.3, 99.9, 93, 94, 0.625
1000, 25, 2021-12-26, 00:26:03, ?, 18.8, 21.5, ?, 93, 94, 0.625
1000, 26, 2021-12-26, 00:27:01, 18.9, 18.8, 21.9, 99.9, 93, 94, 0.625
1000, 27, 2021-12-26, 00:28:01, 19, 18.8, 21, 99.9, 93, 94, 0.625
1000, 28, 2021-12-26, 00:29:01, 18.9, 18.7, 23.8, 99.9, 93, 95, 0.625
1000, 29, 2021-12-26, 00:30:01, 18.8, 18.7, 22.9, 99.9, 93, 95, 0.625
1000, 30, 2021-12-26, 00:31:01, 18.7, 18.7, 23.3, 99.9, 93, 95, 0.625
1000, 31, 2021-12-26, 00:32:03, ?, 18.7, 22.9, ?, 93, 95, 0.625
1000, 32, 2021-12-26, 00:33:01, 18.8, 18.7, 22.9, 99.9, 93, 95, 0.625
1000, 33, 2021-12-26, 00:34:04, ?, 18.7, 23, ?, 93, 95, 0.625
1000, 34, 2021-12-26, 00:35:03, ?, 18.7, 21.1, ?, 93, 94, 0.625
1000, 35, 2021-12-26, 00:36:01, 18.8, 18.7, 21.3, 99.9, 93, 94, 0.625
1000, 36, 2021-12-26, 00:37:03, ?, 18.7, 21.9, ?, 93, 94, 0.625
1000, 37, 2021-12-26, 00:38:01, 18.7, 18.7, 21.8, 99.9, 93, 94, 0.625
1000, 38, 2021-12-26, 00:39:01, 18.8, 18.7, 22.6, 99.9, 93, 95, 0.625
1000, 39, 2021-12-26, 00:40:03, ?, 18.7, 21.8, ?, 93, 94, 0.625
1000, 40, 2021-12-26, 00:41:01, 18.8, 18.7, 21.9, 99.9, 93, 94, 0.625
1000, 41, 2021-12-26, 00:42:01, 18.7, 18.7, 22.5, 99.9, 93, 95, 0.625
1000, 42, 2021-12-26, 00:43:01, 18.7, 18.7, 22.1, 99.9, 93, 95, 0.625
1000, 43, 2021-12-26, 00:44:01, 18.7, 18.7, 22.8, 99.9, 93, 95, 0.625
1000, 44, 2021-12-26, 00:45:01, 18.8, 18.7, 21.9, 99.9, 93, 94, 0.625
1000, 45, 2021-12-26, 00:46:03, ?, 18.6, 21.8, ?, 93, 94, 0.625
1000, 46, 2021-12-26, 00:47:01, 18.6, 18.6, 22.4, 99.9, 93, 95, 0.625
1000, 47, 2021-12-26, 00:48:01, 18.5, 18.6, 22.8, 99.9, 93, 95, 0.625
1000, 48, 2021-12-26, 00:49:03, ?, 18.6, 22.6, ?, 93, 95, 0.625
1000, 49, 2021-12-26, 00:50:04, ?, 18.4, 22.9, ?, 93, 95, 0.625
1000, 50, 2021-12-26, 00:51:01, 18.5, 18.6, 24.1, 99.9, 93, 95, 0.625
1000, 51, 2021-12-26, 00:52:03, ?, 18.5, 22.8, ?, 93, 95, 0.625
1000, 52, 2021-12-26, 00:53:04, ?, 18.4, 24.4, ?, 93, 95, 0.625
1000, 53, 2021-12-26, 00:54:03, ?, 18.5, 25.1, ?, 93, 95, 0.625
1000, 54, 2021-12-26, 00:55:03, ?, 18.4, 25.2, ?, 93, 95, 0.625
1000, 55, 2021-12-26, 00:56:01, 18.6, 18.4, 24.7, 99.9, 93, 95, 0.625
1000, 56, 2021-12-26, 00:57:01, 18.6, 18.4, 26.3, 99.9, 93, 95, 0.625
1000, 57, 2021-12-26, 00:58:01, 18.5, 18.4, 26.1, 99.9, 93, 95, 0.625
1000, 58, 2021-12-26, 00:59:01, 18.4, 18.3, 24.9, 99.9, 93, 95, 0.625
1000, 59, 2021-12-26, 01:00:01, 18.4, 18.4, 25.7, 99.9, 93, 95, 0.625
1000, 60, 2021-12-26, 01:01:01, 18.4, 18.3, 25, 99.9, 93, 95, 0.625
1000, 61, 2021-12-26, 01:02:03, ?, 18.4, 24.3, ?, 93, 95, 0.625
1000, 62, 2021-12-26, 01:03:03, ?, 18.3, 24.2, ?, 93, 95, 0.625
1000, 63, 2021-12-26, 01:04:01, 18.4, 18.3, 22.9, 99.9, 93, 95, 0.625
1000, 64, 2021-12-26, 01:05:01, 18.4, 18.3, 22.9, 99.9, 93, 95, 0.625
1000, 65, 2021-12-26, 01:06:01, 18.5, 18.3, 24.7, 99.9, 93, 95, 0.625
1000, 66, 2021-12-26, 01:07:01, 18.5, 18.3, 24.7, 99.9, 93, 95, 0.625
1000, 67, 2021-12-26, 01:08:03, ?, 18.3, 23.5, ?, 93, 95, 0.625
1000, 68, 2021-12-26, 01:09:01, 18.4, 18.3, 22.7, 99.9, 93, 95, 0.625
1000, 69, 2021-12-26, 01:10:01, 18.4, 18.4, 22.6, 99.9, 93, 95, 0.625
1000, 70, 2021-12-26, 01:11:01, 18.4, 18.3, 22.8, 99.9, 93, 95, 0.625
1000, 71, 2021-12-26, 01:12:01, 18.3, 18.3, 23.3, 99.9, 93, 95, 0.625
1000, 72, 2021-12-26, 01:13:01, 18.2, 18.3, 23.5, 99.9, 93, 95, 0.625
1000, 73, 2021-12-26, 01:14:01, 18.3, 18.3, 23.2, 99.9, 93, 95, 0.625
1000, 74, 2021-12-26, 01:15:03, ?, 18.1, 24.1, ?, 93, 95, 0.625
1000, 75, 2021-12-26, 01:16:03, ?, 18.1, 23.4, ?, 93, 95, 0.625
1000, 76, 2021-12-26, 01:17:01, 18.2, 18.1, 23.6, 99.9, 93, 95, 0.625
1000, 77, 2021-12-26, 01:18:03, ?, 18.1, 24, ?, 93, 95, 0.625
1000, 78, 2021-12-26, 01:19:03, ?, 18.1, 23.5, ?, 93, 95, 0.625
1000, 79, 2021-12-26, 01:20:01, 18.2, 18.2, 21.9, 99.9, 93, 94, 0.625
1000, 80, 2021-12-26, 01:21:03, ?, 18.2, 25.2, ?, 93, 95, 0.625
1000, 81, 2021-12-26, 01:22:03, ?, 18.2, 24.3, ?, 93, 95, 0.625
1000, 82, 2021-12-26, 01:23:03, ?, 18.2, 23.9, ?, 93, 95, 0.625
1000, 83, 2021-12-26, 01:24:01, 18.2, 18.2, 24.4, 99.9, 93, 95, 0.625
1000, 84, 2021-12-26, 01:25:01, 18.1, 18.2, 24.2, 99.9, 93, 95, 0.625
1000, 85, 2021-12-26, 01:26:03, ?, 18.2, 24.4, ?, 93, 95, 0.625
1000, 86, 2021-12-26, 01:27:01, 18.1, 18.1, 25.7, 99.9, 93, 95, 0.625
1000, 87, 2021-12-26, 01:28:04, ?, 18.1, 25.7, ?, 93, 95, 0.625
1000, 88, 2021-12-26, 01:29:03, ?, 18, 26.4, ?, 93, 95, 0.625
1000, 89, 2021-12-26, 01:30:03, ?, 18, 24.2, ?, 93, 95, 0.625
1000, 90, 2021-12-26, 01:31:01, 18.1, 18, 26.2, 99.9, 93, 95, 0.625
1000, 91, 2021-12-26, 01:32:01, 18, 17.9, 25.6, 99.9, 92, 95, 0.625
1000, 92, 2021-12-26, 01:33:01, 18, 18, 24.2, 99.9, 93, 95, 0.625
1000, 93, 2021-12-26, 01:34:01, 18.1, 17.9, 26.2, 99.9, 92, 95, 0.625
1000, 94, 2021-12-26, 01:35:01, 18, 17.9, 25.6, 99.9, 92, 95, 0.625
1000, 95, 2021-12-26, 01:36:01, 18, 17.9, 24.5, 99.9, 92, 95, 0.625
1000, 96, 2021-12-26, 01:37:01, 18.1, 18, 25.1, 99.9, 93, 95, 0.625
1000, 97, 2021-12-26, 01:38:03, ?, 18, 23.9, ?, 93, 95, 0.625
1000, 98, 2021-12-26, 01:39:03, ?, 18, 25.5, ?, 93, 95, 0.625
1000, 99, 2021-12-26, 01:40:03, ?, 18.1, 24.1, ?, 93, 95, 0.625
1000, 100, 2021-12-26, 01:41:03, ?, 18.1, 24.1, ?, 93, 95, 0.625
1000, 101, 2021-12-26, 01:42:03, ?, 18, 24.7, ?, 93, 95, 0.625
1000, 102, 2021-12-26, 01:43:01, 17.9, 18, 24.2, 99.9, 93, 95, 0.625
1000, 103, 2021-12-26, 01:44:01, 17.9, 18, 25, 99.9, 93, 95, 0.625
1000, 104, 2021-12-26, 01:45:01, 17.9, 17.9, 24.2, 99.9, 92, 95, 0.625
1000, 105, 2021-12-26, 01:46:01, 17.9, 18, 24.4, 99.9, 93, 95, 0.625
1000, 106, 2021-12-26, 01:47:01, 18, 17.9, 27.4, 99.9, 92, 95, 0.625
1000, 107, 2021-12-26, 01:48:03, ?, 17.8, 25.6, ?, 92, 95, 0.625
1000, 108, 2021-12-26, 01:49:01, 17.9, 17.9, 25.3, 99.9, 92, 95, 0.625
1000, 109, 2021-12-26, 01:50:03, ?, 17.9, 24.4, ?, 92, 95, 0.625
1000, 110, 2021-12-26, 01:51:01, 18.1, 17.9, 26.1, 99.9, 92, 95, 0.625
1000, 111, 2021-12-26, 01:52:03, ?, 17.9, 25.5, ?, 92, 95, 0.625
1000, 112, 2021-12-26, 01:53:03, ?, 17.9, 25.5, ?, 92, 95, 0.625
1000, 113, 2021-12-26, 01:54:01, 18.1, 17.9, 23.6, 99.9, 92, 95, 0.625
1000, 114, 2021-12-26, 01:55:01, 18.1, 17.9, 22.6, 99.9, 92, 95, 0.625
1000, 115, 2021-12-26, 01:56:01, 18.1, 17.9, 23.1, 99.9, 92, 95, 0.625
1000, 116, 2021-12-26, 01:57:03, ?, 18, 24.7, ?, 93, 95, 0.625
1000, 117, 2021-12-26, 01:58:04, ?, 18, 26.3, ?, 93, 95, 0.625
1000, 118, 2021-12-26, 01:59:03, ?, 18, 25.8, ?, 93, 95, 0.625
1000, 119, 2021-12-26, 02:00:01, 17.9, 17.9, 24.7, 99.9, 92, 95, 0.625
1000, 120, 2021-12-26, 02:01:01, 17.9, 17.9, 24.1, 99.9, 92, 95, 0.625
1000, 121, 2021-12-26, 02:02:01, 17.9, 17.9, 24.3, 99.9, 92, 95, 0.625
1000, 122, 2021-12-26, 02:03:03, ?, 17.9, 23.9, ?, 92, 95, 0.625
1000, 123, 2021-12-26, 02:04:01, 17.8, 17.8, 24.7, 99.9, 92, 95, 0.625
1000, 124, 2021-12-26, 02:05:03, ?, 17.9, 25.2, ?, 92, 95, 0.625
1000, 125, 2021-12-26, 02:06:03, ?, 17.9, 24.4, ?, 92, 95, 0.625
1000, 126, 2021-12-26, 02:07:01, 17.9, 17.9, 23.9, 99.9, 92, 95, 0.625
1000, 127, 2021-12-26, 02:08:03, ?, 18, 25, ?, 93, 95, 0.625
1000, 128, 2021-12-26, 02:09:01, 18, 18, 24.7, 99.9, 93, 95, 0.625
1000, 129, 2021-12-26, 02:10:03, ?, 18, 23.7, ?, 93, 95, 0.625
1000, 130, 2021-12-26, 02:11:01, 18, 18, 25.1, 99.9, 93, 95, 0.625
1000, 131, 2021-12-26, 02:12:03, ?, 18, 24.6, ?, 93, 95, 0.625
1000, 132, 2021-12-26, 02:13:03, ?, 18, 24.7, ?, 93, 95, 0.625
1000, 133, 2021-12-26, 02:14:01, 18.1, 18, 24.1, 99.9, 93, 95, 0.625
1000, 134, 2021-12-26, 02:15:03, ?, 18, 25.6, ?, 93, 95, 0.625
1000, 135, 2021-12-26, 02:16:03, ?, 18, 26.2, ?, 93, 95, 0.625
1000, 136, 2021-12-26, 02:17:03, ?, 18, 25.6, ?, 93, 95, 0.625
1000, 137, 2021-12-26, 02:18:03, ?, 18, 25.1, ?, 93, 95, 0.625
1000, 138, 2021-12-26, 02:19:03, ?, 18, 22.3, ?, 93, 95, 0.625
1000, 139, 2021-12-26, 02:20:01, 17.9, 17.9, 25, 99.9, 92, 95, 0.625
1000, 140, 2021-12-26, 02:21:01, 17.9, 17.9, 23.9, 99.9, 92, 95, 0.625
1000, 141, 2021-12-26, 02:22:03, ?, 17.9, 24.9, ?, 92, 95, 0.625
1000, 142, 2021-12-26, 02:23:03, ?, 17.9, 24.2, ?, 92, 95, 0.625
1000, 143, 2021-12-26, 02:24:01, 18.1, 18, 24.9, 99.9, 93, 95, 0.625
1000, 144, 2021-12-26, 02:25:01, 18, 18, 24.4, 99.9, 93, 95, 0.625
1000, 145, 2021-12-26, 02:26:03, ?, 17.9, 22.7, ?, 92, 95, 0.625
1000, 146, 2021-12-26, 02:27:03, ?, 17.9, 22.4, ?, 92, 95, 0.625
1000, 147, 2021-12-26, 02:28:01, 17.8, 17.9, 22.5, 99.9, 92, 95, 0.625
1000, 148, 2021-12-26, 02:29:03, ?, 17.9, 24.6, ?, 92, 95, 0.625
1000, 149, 2021-12-26, 02:30:01, 17.7, 17.9, 23.7, 99.9, 92, 95, 0.625
1000, 150, 2021-12-26, 02:31:04, ?, 17.7, 24.8, ?, 92, 95, 0.625
1000, 151, 2021-12-26, 02:32:03, ?, 17.6, 24.6, ?, 92, 95, 0.625
1000, 152, 2021-12-26, 02:33:03, ?, 17.6, 24.2, ?, 92, 95, 0.625
1000, 153, 2021-12-26, 02:34:01, 17.8, 17.7, 25.1, 99.9, 92, 95, 0.625
1000, 154, 2021-12-26, 02:35:03, ?, 17.7, 25.5, ?, 92, 95, 0.625
1000, 155, 2021-12-26, 02:36:03, ?, 17.7, 25.2, ?, 92, 95, 0.625
1000, 156, 2021-12-26, 02:37:01, 17.6, 17.6, 26, 99.9, 92, 95, 0.625
1000, 157, 2021-12-26, 02:38:03, ?, 17.6, 23.9, ?, 92, 95, 0.625
1000, 158, 2021-12-26, 02:39:01, 17.7, 17.6, 21.8, 99.9, 92, 94, 0.625
1000, 159, 2021-12-26, 02:40:03, ?, 17.7, 21.2, ?, 92, 94, 0.625
1000, 160, 2021-12-26, 02:41:01, 17.8, 17.7, 21.6, 99.9, 92, 94, 0.625
1000, 161, 2021-12-26, 02:42:01, 17.7, 17.7, 23.9, 99.9, 92, 95, 0.625
1000, 162, 2021-12-26, 02:43:01, 17.7, 17.7, 25, 99.9, 92, 95, 0.625
1000, 163, 2021-12-26, 02:44:01, 17.7, 17.6, 23.9, 99.9, 92, 95, 0.625
1000, 164, 2021-12-26, 02:45:03, ?, 17.7, 22.9, ?, 92, 95, 0.625
1000, 165, 2021-12-26, 02:46:01, 17.6, 17.6, 23.2, 99.9, 92, 95, 0.625
1000, 166, 2021-12-26, 02:47:03, ?, 17.5, 23.4, ?, 92, 95, 0.625
1000, 167, 2021-12-26, 02:48:03, ?, 17.4, 22.5, ?, 92, 95, 0.625
1000, 168, 2021-12-26, 02:49:01, 17.6, 17.4, 23.2, 99.9, 92, 95, 0.625
1000, 169, 2021-12-26, 02:50:03, ?, 17.4, 24, ?, 92, 95, 0.625
1000, 170, 2021-12-26, 02:51:04, ?, 17.4, 24.2, ?, 92, 95, 0.625
1000, 171, 2021-12-26, 02:52:01, 17.5, 17.4, 23.9, 99.9, 92, 95, 0.625
1000, 172, 2021-12-26, 02:53:01, 17.5, 17.4, 24.7, 99.9, 92, 95, 0.625
1000, 173, 2021-12-26, 02:54:01, 17.5, 17.4, 23.5, 99.9, 92, 95, 0.625
1000, 174, 2021-12-26, 02:55:04, ?, 17.4, 24.1, ?, 92, 95, 0.625
1000, 175, 2021-12-26, 02:56:03, ?, 17.4, 23.8, ?, 92, 95, 0.625
1000, 176, 2021-12-26, 02:57:03, ?, 17.5, 22.1, ?, 92, 95, 0.625
1000, 177, 2021-12-26, 02:58:03, ?, 17.5, 22.8, ?, 92, 95, 0.625
1000, 178, 2021-12-26, 02:59:03, ?, 17.5, 24.1, ?, 92, 95, 0.625
1000, 179, 2021-12-26, 03:00:03, ?, 17.5, 23.8, ?, 92, 95, 0.625
1000, 180, 2021-12-26, 03:01:01, 17.6, 17.5, 24.5, 99.9, 92, 95, 0.625
1000, 181, 2021-12-26, 03:02:03, ?, 17.6, 23.3, ?, 92, 95, 0.625
1000, 182, 2021-12-26, 03:03:01, 17.6, 17.5, 23.5, 99.9, 92, 95, 0.625
1000, 183, 2021-12-26, 03:04:01, 17.7, 17.6, 24.2, 99.9, 92, 95, 0.625
1000, 184, 2021-12-26, 03:05:03, ?, 17.6, 23.9, ?, 92, 95, 0.625
1000, 185, 2021-12-26, 03:06:03, ?, 17.6, 24, ?, 92, 95, 0.625
1000, 186, 2021-12-26, 03:07:01, 17.6, 17.6, 22.9, 99.9, 92, 95, 0.625
1000, 187, 2021-12-26, 03:08:03, ?, 17.6, 22.1, ?, 92, 95, 0.625
1000, 188, 2021-12-26, 03:09:03, ?, 17.5, 24.9, ?, 92, 95, 0.625
1000, 189, 2021-12-26, 03:10:01, 17.6, 17.5, 24.5, 99.9, 92, 95, 0.625
1000, 190, 2021-12-26, 03:11:01, 17.5, 17.4, 24.9, 99.9, 92, 95, 0.625
1000, 191, 2021-12-26, 03:12:03, ?, 17.4, 23.6, ?, 92, 95, 0.625
1000, 192, 2021-12-26, 03:13:03, ?, 17.4, 25.5, ?, 92, 95, 0.625
1000, 193, 2021-12-26, 03:14:03, ?, 17.4, 23.9, ?, 92, 95, 0.625
1000, 194, 2021-12-26, 03:15:03, ?, 17.4, 23.2, ?, 92, 95, 0.625
1000, 195, 2021-12-26, 03:16:01, 17.5, 17.4, 21.5, 99.9, 92, 94, 0.625
1000, 196, 2021-12-26, 03:17:03, ?, 17.5, 21.9, ?, 92, 94, 0.625
1000, 197, 2021-12-26, 03:18:01, 17.5, 17.3, 23.3, 99.9, 92, 95, 0.625
1000, 198, 2021-12-26, 03:19:03, ?, 17.4, 24.7, ?, 92, 95, 0.625
1000, 199, 2021-12-26, 03:20:03, ?, 17.4, 24.2, ?, 92, 95, 0.625
1000, 200, 2021-12-26, 03:21:01, 17.6, 17.7, 25.1, 99.9, 92, 95, 0.625
1000, 201, 2021-12-26, 03:22:01, 17.7, 17.9, 23.8, 99.9, 92, 95, 0.625
1000, 202, 2021-12-26, 03:23:01, 17.7, 17.9, 22.9, 99.9, 92, 95, 0.625
1000, 203, 2021-12-26, 03:24:01, 17.7, 17.9, 23.9, 99.9, 92, 95, 0.625
1000, 204, 2021-12-26, 03:25:01, 17.7, 17.8, 25.9, 99.9, 92, 95, 0.625
1000, 205, 2021-12-26, 03:26:03, ?, 17.7, 23.5, ?, 92, 95, 0.625
1000, 206, 2021-12-26, 03:27:03, ?, 17.7, 21.9, ?, 92, 94, 0.625
1000, 207, 2021-12-26, 03:28:01, 17.7, 17.6, 21.9, 99.9, 92, 94, 0.625
1000, 208, 2021-12-26, 03:29:01, 17.8, 17.7, 23.7, 99.9, 92, 95, 0.625
1000, 209, 2021-12-26, 03:30:01, 17.7, 17.7, 24.2, 99.9, 92, 95, 0.625
1000, 210, 2021-12-26, 03:31:01, 17.7, 17.7, 24.1, 99.9, 92, 95, 0.625
1000, 211, 2021-12-26, 03:32:03, ?, 17.7, 24.2, ?, 92, 95, 0.625
1000, 212, 2021-12-26, 03:33:01, 17.7, 17.7, 23.3, 99.9, 92, 95, 0.625
1000, 213, 2021-12-26, 03:34:03, ?, 17.6, 22.4, ?, 92, 95, 0.625
1000, 214, 2021-12-26, 03:35:03, ?, 17.6, 23.1, ?, 92, 95, 0.625
1000, 215, 2021-12-26, 03:36:01, 17.6, 17.6, 23.6, 99.9, 92, 95, 0.625
1000, 216, 2021-12-26, 03:37:01, 17.6, 17.6, 24.7, 99.9, 92, 95, 0.625
1000, 217, 2021-12-26, 03:38:03, ?, 17.6, 24.9, ?, 92, 95, 0.625
1000, 218, 2021-12-26, 03:39:03, ?, 17.6, 24.7, ?, 92, 95, 0.625
1000, 219, 2021-12-26, 03:40:03, ?, 17.5, 24.4, ?, 92, 95, 0.625
1000, 220, 2021-12-26, 03:41:03, ?, 17.5, 24.4, ?, 92, 95, 0.625
1000, 221, 2021-12-26, 03:42:01, 17.6, 17.5, 23.4, 99.9, 92, 95, 0.625
1000, 222, 2021-12-26, 03:43:01, 17.6, 17.6, 23.7, 99.9, 92, 95, 0.625
1000, 223, 2021-12-26, 03:44:01, 17.6, 17.6, 23.6, 99.9, 92, 95, 0.625
1000, 224, 2021-12-26, 03:45:03, ?, 17.5, 24.2, ?, 92, 95, 0.625
1000, 225, 2021-12-26, 03:46:03, ?, 17.5, 23.7, ?, 92, 95, 0.625
1000, 226, 2021-12-26, 03:47:03, ?, 17.5, 22.8, ?, 92, 95, 0.625
1000, 227, 2021-12-26, 03:48:01, 17.7, 17.5, 25.4, 99.9, 92, 95, 0.625
1000, 228, 2021-12-26, 03:49:03, ?, 17.5, 24.5, ?, 92, 95, 0.625
1000, 229, 2021-12-26, 03:50:01, 17.6, 17.5, 23, 99.9, 92, 95, 0.625
1000, 230, 2021-12-26, 03:51:03, ?, 17.5, 24, ?, 92, 95, 0.625
1000, 231, 2021-12-26, 03:52:03, ?, 17.4, 23.2, ?, 92, 95, 0.625
1000, 232, 2021-12-26, 03:53:03, ?, 17.5, 23.4, ?, 92, 95, 0.625
1000, 233, 2021-12-26, 03:54:01, 17.6, 17.5, 23.3, 99.9, 92, 95, 0.625
1000, 234, 2021-12-26, 03:55:01, 17.6, 17.5, 23.8, 99.9, 92, 95, 0.625
1000, 235, 2021-12-26, 03:56:01, 17.6, 17.5, 22.2, 99.9, 92, 95, 0.625
1000, 236, 2021-12-26, 03:57:03, ?, 17.5, 23.4, ?, 92, 95, 0.625
1000, 237, 2021-12-26, 03:58:03, ?, 17.6, 22.1, ?, 92, 95, 0.625
1000, 238, 2021-12-26, 03:59:03, ?, 17.4, 23, ?, 92, 95, 0.625
1000, 239, 2021-12-26, 04:00:03, ?, 17.5, 23.4, ?, 92, 95, 0.625
1000, 240, 2021-12-26, 04:01:01, 17.4, 17.4, 21.3, 99.9, 92, 94, 0.625
1000, 241, 2021-12-26, 04:02:01, 17.5, 17.5, 20.9, 99.9, 92, 93, 0.625
1000, 242, 2021-12-26, 04:03:03, ?, 17.3, 21.3, ?, 92, 94, 0.625
1000, 243, 2021-12-26, 04:04:03, ?, 17.4, 21.2, ?, 92, 94, 0.625
1000, 244, 2021-12-26, 04:05:01, 17.3, 17.3, 22, 99.9, 92, 95, 0.625
1000, 245, 2021-12-26, 04:06:03, ?, 17.2, 21, ?, 92, 94, 0.625
1000, 246, 2021-12-26, 04:07:03, ?, 17.3, 21.3, ?, 92, 94, 0.625
1000, 247, 2021-12-26, 04:08:03, ?, 17.3, 21.1, ?, 92, 94, 0.625
1000, 248, 2021-12-26, 04:09:01, 17.4, 17.3, 21.3, 99.9, 92, 94, 0.625
1000, 249, 2021-12-26, 04:10:03, ?, 17.3, 22.4, ?, 92, 95, 0.625
1000, 250, 2021-12-26, 04:11:03, ?, 17.3, 22.8, ?, 92, 95, 0.625
1000, 251, 2021-12-26, 04:12:01, 17.3, 17.3, 22.2, 99.9, 92, 95, 0.625
1000, 252, 2021-12-26, 04:13:01, 17.3, 17.3, 22, 99.9, 92, 95, 0.625
1000, 253, 2021-12-26, 04:14:01, 17.3, 17.1, 22.7, 99.9, 92, 95, 0.625
1000, 254, 2021-12-26, 04:15:03, ?, 17.2, 21.4, ?, 92, 94, 0.625
1000, 255, 2021-12-26, 04:16:03, ?, 17.2, 21.8, ?, 92, 94, 0.625
1000, 256, 2021-12-26, 04:17:03, ?, 17.3, 23.1, ?, 92, 95, 0.625
1000, 257, 2021-12-26, 04:18:03, ?, 17.2, 21.9, ?, 92, 94, 0.625
1000, 258, 2021-12-26, 04:19:01, 17.2, 17.1, 23.2, 99.9, 92, 95, 0.625
1000, 259, 2021-12-26, 04:20:03, ?, 17.2, 22.9, ?, 92, 95, 0.625
1000, 260, 2021-12-26, 04:21:01, 17.2, 17.2, 21.7, 99.9, 92, 94, 0.625
1000, 261, 2021-12-26, 04:22:01, 17.2, 17.3, 23.6, 99.9, 92, 95, 0.625
1000, 262, 2021-12-26, 04:23:03, ?, 17.3, 21.8, ?, 92, 94, 0.625
1000, 263, 2021-12-26, 04:24:03, ?, 17.2, 23.1, ?, 92, 95, 0.625
1000, 264, 2021-12-26, 04:25:03, ?, 17.2, 23, ?, 92, 95, 0.625
1000, 265, 2021-12-26, 04:26:01, 17.2, 17.2, 22.6, 99.9, 92, 95, 0.625
1000, 266, 2021-12-26, 04:27:03, ?, 17.3, 22.6, ?, 92, 95, 0.625
1000, 267, 2021-12-26, 04:28:03, ?, 17.1, 21.9, ?, 92, 94, 0.625
1000, 268, 2021-12-26, 04:29:03, ?, 17.2, 20.7, ?, 92, 93, 0.625
1000, 269, 2021-12-26, 04:30:03, ?, 17.2, 21, ?, 92, 94, 0.625
1000, 270, 2021-12-26, 04:31:03, ?, 17.2, 20.9, ?, 92, 93, 0.625
1000, 271, 2021-12-26, 04:32:01, 17.2, 17.1, 20.9, 99.9, 92, 93, 0.625
1000, 272, 2021-12-26, 04:33:01, 17.2, 17.2, 20.8, 99.9, 92, 93, 0.625
1000, 273, 2021-12-26, 04:34:04, ?, 17.1, 21, ?, 92, 94, 0.625
1000, 274, 2021-12-26, 04:35:03, ?, 17, 20.7, ?, 92, 93, 0.625
1000, 275, 2021-12-26, 04:36:03, ?, 17.1, 20.9, ?, 92, 93, 0.625
1000, 276, 2021-12-26, 04:37:03, ?, 17.1, 20.8, ?, 92, 93, 0.625
1000, 277, 2021-12-26, 04:38:01, 17.1, 17.1, 20.9, 99.9, 92, 93, 0.625
1000, 278, 2021-12-26, 04:39:01, 17.1, 17, 20.7, 99.9, 92, 93, 0.625
1000, 279, 2021-12-26, 04:40:03, ?, 17, 22.1, ?, 92, 95, 0.625
1000, 280, 2021-12-26, 04:41:03, ?, 17, 22.4, ?, 92, 95, 0.625
1000, 281, 2021-12-26, 04:42:03, ?, 17, 22.4, ?, 92, 95, 0.625
1000, 282, 2021-12-26, 04:43:03, ?, 17, 22.1, ?, 92, 95, 0.625
1000, 283, 2021-12-26, 04:44:01, 17.2, 17.1, 22.1, 99.9, 92, 95, 0.625
1000, 284, 2021-12-26, 04:45:03, ?, 17.1, 23.5, ?, 92, 95, 0.625
1000, 285, 2021-12-26, 04:46:03, ?, 17.1, 21.5, ?, 92, 94, 0.625
1000, 286, 2021-12-26, 04:47:03, ?, 17.1, 20.9, ?, 92, 93, 0.625
1000, 287, 2021-12-26, 04:48:03, ?, 17.2, 21, ?, 92, 94, 0.625
1000, 288, 2021-12-26, 04:49:03, ?, 17.1, 20.7, ?, 92, 93, 0.625
1000, 289, 2021-12-26, 04:50:03, ?, 17, 20.9, ?, 92, 93, 0.833
1000, 290, 2021-12-26, 04:51:01, 17, 17, 20.4, 99.9, 92, 93, 0.625
1000, 291, 2021-12-26, 04:52:03, ?, 17, 20.3, ?, 92, 93, 0.625
1000, 292, 2021-12-26, 04:53:01, 16.9, 17, 20.3, 99.9, 92, 93, 0.625
1000, 293, 2021-12-26, 04:54:03, ?, 17, 20.3, ?, 92, 93, 0.625
1000, 294, 2021-12-26, 04:55:03, ?, 16.9, 19.9, ?, 92, 93, 0.625
1000, 295, 2021-12-26, 04:56:03, ?, 16.8, 20.4, ?, 92, 93, 0.625
1000, 296, 2021-12-26, 04:57:04, ?, 16.9, 20.4, ?, 92, 93, 0.625
1000, 297, 2021-12-26, 04:58:03, ?, 16.9, 20.1, ?, 92, 93, 0.625
1000, 298, 2021-12-26, 04:59:01, 16.9, 16.9, 20.4, 99.9, 92, 93, 0.625
1000, 299, 2021-12-26, 05:00:03, ?, 16.8, 22, ?, 92, 95, 0.625
1000, 300, 2021-12-26, 05:01:03, ?, 16.8, 21.9, ?, 92, 94, 0.625
1000, 301, 2021-12-26, 05:02:01, 16.9, 16.8, 22.4, 99.9, 92, 95, 0.625
1000, 302, 2021-12-26, 05:03:03, ?, 16.8, 22.2, ?, 92, 95, 0.625
1000, 303, 2021-12-26, 05:04:01, 16.9, 16.9, 22.2, 99.9, 92, 95, 0.625
1000, 304, 2021-12-26, 05:05:03, ?, 16.8, 22.6, ?, 92, 95, 0.625
1000, 305, 2021-12-26, 05:06:03, ?, 16.8, 21.6, ?, 92, 94, 0.625
1000, 306, 2021-12-26, 05:07:03, ?, 16.9, 22.4, ?, 92, 95, 0.625
1000, 307, 2021-12-26, 05:08:01, 16.8, 17, 23.1, 99.9, 92, 95, 0.625
1000, 308, 2021-12-26, 05:09:01, 16.9, 16.9, 23, 99.9, 92, 95, 0.625
1000, 309, 2021-12-26, 05:10:01, 16.9, 17, 22.6, 99.9, 92, 95, 0.625
1000, 310, 2021-12-26, 05:11:01, 16.9, 17.1, 21.9, 99.9, 92, 94, 0.625
1000, 311, 2021-12-26, 05:12:01, 16.9, 16.9, 20.4, 99.9, 92, 93, 0.625
1000, 312, 2021-12-26, 05:13:03, ?, 17, 20, ?, 92, 93, 0.625
1000, 313, 2021-12-26, 05:14:03, ?, 16.9, 20.5, ?, 92, 93, 0.625
1000, 314, 2021-12-26, 05:15:03, ?, 17, 20.2, ?, 92, 93, 0.625
1000, 315, 2021-12-26, 05:16:03, ?, 16.9, 20.2, ?, 92, 93, 0.625
1000, 316, 2021-12-26, 05:17:01, 17, 17, 20.7, 99.9, 92, 93, 0.625
1000, 317, 2021-12-26, 05:18:03, ?, 17, 20.5, ?, 92, 93, 0.625
1000, 318, 2021-12-26, 05:19:01, 16.9, 17, 20.1, 99.9, 92, 93, 0.625
1000, 319, 2021-12-26, 05:20:03, ?, 17, 20.6, ?, 92, 93, 0.625
1000, 320, 2021-12-26, 05:21:01, 16.9, 17, 20.6, 99.9, 92, 93, 0.625
1000, 321, 2021-12-26, 05:22:01, 17, 16.9, 20.4, 99.9, 92, 93, 0.625
1000, 322, 2021-12-26, 05:23:03, ?, 16.9, 20.3, ?, 92, 93, 0.625
1000, 323, 2021-12-26, 05:24:03, ?, 16.9, 20.4, ?, 92, 93, 0.625
1000, 324, 2021-12-26, 05:25:03, ?, 16.9, 19.9, ?, 92, 93, 0.625
1000, 325, 2021-12-26, 05:26:01, 16.9, 16.9, 20.2, 99.9, 92, 93, 0.625
1000, 326, 2021-12-26, 05:27:01, 16.8, 16.9, 20.1, 99.9, 92, 93, 0.625
1000, 327, 2021-12-26, 05:28:03, ?, 16.9, 20.4, ?, 92, 93, 0.625
1000, 328, 2021-12-26, 05:29:01, 16.9, 16.9, 22.4, 99.9, 92, 95, 0.625
1000, 329, 2021-12-26, 05:30:03, ?, 16.9, 20.2, ?, 92, 93, 0.625
1000, 330, 2021-12-26, 05:31:03, ?, 16.9, 20.1, ?, 92, 93, 0.625
1000, 331, 2021-12-26, 05:32:03, ?, 16.8, 19.6, ?, 92, 93, 0.625
1000, 332, 2021-12-26, 05:33:03, ?, 16.8, 20.5, ?, 92, 93, 0.625
1000, 333, 2021-12-26, 05:34:03, ?, 16.8, 20.5, ?, 92, 93, 0.625
1000, 334, 2021-12-26, 05:35:01, 16.8, 16.7, 20.4, 99.9, 92, 93, 0.625
1000, 335, 2021-12-26, 05:36:03, ?, 16.7, 19.7, ?, 92, 93, 0.625
1000, 336, 2021-12-26, 05:37:03, ?, 16.7, 20.7, ?, 92, 93, 0.625
1000, 337, 2021-12-26, 05:38:03, ?, 16.8, 20.4, ?, 92, 93, 0.625
1000, 338, 2021-12-26, 05:39:01, 16.8, 16.8, 20.4, 99.9, 92, 93, 0.625
1000, 339, 2021-12-26, 05:40:03, ?, 16.8, 20.1, ?, 92, 93, 0.625
1000, 340, 2021-12-26, 05:41:03, ?, 16.7, 19.4, ?, 92, 93, 0.625
1000, 341, 2021-12-26, 05:42:03, ?, 16.8, 20.3, ?, 92, 93, 0.625
1000, 342, 2021-12-26, 05:43:01, 16.8, 16.9, 20.4, 99.9, 92, 93, 0.625
1000, 343, 2021-12-26, 05:44:03, ?, 16.8, 20.5, ?, 92, 93, 0.625
1000, 344, 2021-12-26, 05:45:03, ?, 16.8, 20.3, ?, 92, 93, 0.833
1000, 345, 2021-12-26, 05:46:03, ?, 16.8, 20.1, ?, 92, 93, 0.833
1000, 346, 2021-12-26, 05:47:01, 16.8, 16.8, 20.1, 99.9, 92, 93, 0.833
1000, 347, 2021-12-26, 05:48:03, ?, 16.8, 20, ?, 92, 93, 0.833
1000, 348, 2021-12-26, 05:49:03, ?, 16.8, 20.1, ?, 92, 93, 0.833
1000, 349, 2021-12-26, 05:50:01, 16.8, 16.7, 21.1, 99.9, 92, 94, 0.833
1000, 350, 2021-12-26, 05:51:03, ?, 16.8, 20.5, ?, 92, 93, 0.833
1000, 351, 2021-12-26, 05:52:01, 16.8, 16.7, 22, 99.9, 92, 95, 0.833
1000, 352, 2021-12-26, 05:53:01, 16.8, 16.8, 22.4, 99.9, 92, 95, 0.833
1000, 353, 2021-12-26, 05:54:03, ?, 17.4, 23.4, ?, 92, 95, 0.833
1000, 354, 2021-12-26, 05:55:01, 17.4, 17.5, 24.5, 99.9, 92, 95, 1.042
1000, 355, 2021-12-26, 05:56:03, ?, 17.6, 23.5, ?, 92, 95, 1.042
1000, 356, 2021-12-26, 05:57:01, 17.4, 17.5, 23.7, 99.9, 92, 95, 1.25
1000, 357, 2021-12-26, 05:58:03, ?, 17.5, 24.6, ?, 92, 95, 1.458
1000, 358, 2021-12-26, 05:59:03, ?, 17.5, 22.8, ?, 92, 95, 1.667
1000, 359, 2021-12-26, 06:00:01, 17.3, 17.5, 21.6, 99.9, 92, 94, 2.083
1000, 360, 2021-12-26, 06:01:03, ?, 17.4, 20.8, ?, 92, 93, 2.5
1000, 361, 2021-12-26, 06:02:03, ?, 17.3, 21.4, ?, 92, 94, 3.125
1000, 362, 2021-12-26, 06:03:03, ?, 17.3, 20.3, ?, 92, 93, 3.75
1000, 363, 2021-12-26, 06:04:03, ?, 17.2, 19.9, ?, 92, 93, 4.583
1000, 364, 2021-12-26, 06:05:03, ?, 17, 20.5, ?, 92, 93, 5.833
1000, 365, 2021-12-26, 06:06:03, ?, 17, 20.8, ?, 92, 93, 7.083
1000, 366, 2021-12-26, 06:07:03, ?, 17, 19.8, ?, 92, 93, 8.542
1000, 367, 2021-12-26, 06:08:03, ?, 17, 20.4, ?, 92, 93, 20.833
1000, 368, 2021-12-26, 06:09:03, ?, 17, 20.1, ?, 92, 93, 11.667
1000, 369, 2021-12-26, 06:10:03, ?, 17, 19.9, ?, 92, 93, 14.167
1000, 370, 2021-12-26, 06:11:01, 17.2, 17, 21, 99.9, 92, 94, 16.667
1000, 371, 2021-12-26, 06:12:03, ?, 17, 21.3, ?, 92, 94, 19.583
1000, 372, 2021-12-26, 06:13:03, ?, 16.9, 20.3, ?, 92, 93, 22.917
1000, 373, 2021-12-26, 06:14:01, 17, 16.9, 20.4, 99.9, 92, 93, 26.667
1000, 374, 2021-12-26, 06:15:03, ?, 16.9, 20.5, ?, 92, 93, 30.417
1000, 375, 2021-12-26, 06:16:03, ?, 16.9, 20.6, ?, 92, 93, 35
1000, 376, 2021-12-26, 06:17:03, ?, 16.9, 20.4, ?, 92, 93, 39.583
1000, 377, 2021-12-26, 06:18:03, ?, 16.8, 20.7, ?, 92, 93, 44.167
1000, 378, 2021-12-26, 06:19:03, ?, 16.9, 20.9, ?, 92, 93, 49.167
1000, 379, 2021-12-26, 06:20:03, ?, 16.8, 20.3, ?, 92, 93, 54.583
1000, 380, 2021-12-26, 06:21:01, 16.8, 16.8, 20.4, 99.9, 92, 93, 60
1000, 381, 2021-12-26, 06:22:03, ?, 16.8, 21.4, ?, 92, 94, 65.417
1000, 382, 2021-12-26, 06:23:01, 16.7, 16.7, 22.2, 99.9, 92, 95, 71.667
1000, 383, 2021-12-26, 06:24:03, ?, 16.7, 22.8, ?, 92, 95, 77.917
1000, 384, 2021-12-26, 06:25:03, ?, 16.7, 22.7, ?, 92, 95, 84.583
1000, 385, 2021-12-26, 06:26:03, ?, 16.7, 21.5, ?, 92, 94, 91.25
1000, 386, 2021-12-26, 06:27:03, ?, 16.7, 22.4, ?, 92, 95, 97.5
1000, 387, 2021-12-26, 06:28:01, 16.7, 16.7, 22.7, 99.9, 92, 95, 106.667
1000, 388, 2021-12-26, 06:29:01, 16.7, 16.8, 22.5, 99.9, 92, 95, 112.083
1000, 389, 2021-12-26, 06:30:03, ?, 16.8, 21.9, ?, 92, 94, 119.167
1000, 390, 2021-12-26, 06:31:01, 16.8, 16.8, 20.4, 99.9, 92, 93, 127.083
1000, 391, 2021-12-26, 06:32:03, ?, 16.8, 21.7, ?, 92, 94, 134.167
1000, 392, 2021-12-26, 06:33:01, 16.8, 16.8, 21, 99.9, 92, 94, 142.5
1000, 393, 2021-12-26, 06:34:03, ?, 16.8, 20.2, ?, 92, 93, 150
1000, 394, 2021-12-26, 06:35:03, ?, 16.8, 21.2, ?, 92, 94, 160
1000, 395, 2021-12-26, 06:36:03, ?, 16.9, 21.3, ?, 92, 94, 167.083
1000, 396, 2021-12-26, 06:37:01, 16.8, 16.9, 21.6, 99.9, 92, 94, 175.417
1000, 397, 2021-12-26, 06:38:03, ?, 16.9, 22.2, ?, 92, 95, 182.917
1000, 398, 2021-12-26, 06:39:01, 16.8, 16.7, 20.2, 99.9, 92, 93, 190.417
1000, 399, 2021-12-26, 06:40:01, 16.8, 16.8, 21.2, 99.9, 92, 94, 198.333
1000, 400, 2021-12-26, 06:41:01, 16.9, 16.9, 22.3, 99.9, 92, 95, 206.667
1000, 401, 2021-12-26, 06:42:03, ?, 16.9, 20.7, ?, 92, 93, 215.417
1000, 402, 2021-12-26, 06:43:01, 16.9, 16.9, 23.1, 99.9, 92, 95, 223.333
1000, 403, 2021-12-26, 06:44:01, 16.9, 16.9, 21.8, 99.9, 92, 94, 231.667
1000, 404, 2021-12-26, 06:45:01, 17, 17, 22.2, 99.9, 92, 95, 241.25
1000, 405, 2021-12-26, 06:46:03, ?, 16.9, 24.6, ?, 92, 95, 247.917
1000, 406, 2021-12-26, 06:47:01, 16.9, 16.9, 22.5, 99.9, 92, 95, 255.833
1000, 407, 2021-12-26, 06:48:01, 16.9, 16.9, 22.4, 99.9, 92, 95, 262.5
1000, 408, 2021-12-26, 06:49:01, 16.9, 16.9, 22.5, 99.9, 92, 95, 270
1000, 409, 2021-12-26, 06:50:01, 17, 16.9, 23.2, 99.9, 92, 95, 279.167
1000, 410, 2021-12-26, 06:51:01, 17, 17, 23.2, 99.9, 92, 95, 286.667
1000, 411, 2021-12-26, 06:52:03, ?, 16.9, 22.8, ?, 92, 95, 295
1000, 412, 2021-12-26, 06:53:03, ?, 17, 22.4, ?, 92, 95, 305
1000, 413, 2021-12-26, 06:54:01, 17, 17, 21.9, 99.9, 92, 94, 313.333
1000, 414, 2021-12-26, 06:55:03, ?, 17.1, 22.9, ?, 92, 95, 323.333
1000, 415, 2021-12-26, 06:56:03, ?, 17.1, 23, ?, 92, 95, 330
1000, 416, 2021-12-26, 06:57:03, ?, 17, 24.1, ?, 92, 95, 336.667
1000, 417, 2021-12-26, 06:58:03, ?, 17.1, 24, ?, 92, 95, 343.75
1000, 418, 2021-12-26, 06:59:01, 17, 17.1, 22.5, 99.9, 92, 95, 354.167
1000, 419, 2021-12-26, 07:00:03, ?, 17.1, 24.4, ?, 92, 95, 363.333
1000, 420, 2021-12-26, 07:01:01, 17.1, 17, 23.1, 99.9, 92, 95, 374.583
1000, 421, 2021-12-26, 07:02:03, ?, 17, 23.4, ?, 92, 95, 383.333
1000, 422, 2021-12-26, 07:03:03, ?, 17.1, 23.9, ?, 92, 95, 392.083
1000, 423, 2021-12-26, 07:04:03, ?, 17, 25.5, ?, 92, 95, 400.833
1000, 424, 2021-12-26, 07:05:03, ?, 17, 23.4, ?, 92, 95, 408.333
1000, 425, 2021-12-26, 07:06:03, ?, 17.1, 24.2, ?, 92, 95, 420.833
1000, 426, 2021-12-26, 07:07:03, ?, 17.2, 23.3, ?, 92, 95, 434.167
1000, 427, 2021-12-26, 07:08:01, 17.1, 17.2, 22.8, 99.9, 92, 95, 543.333
1000, 428, 2021-12-26, 07:09:03, ?, 17.1, 22.7, ?, 92, 95, 794.583
1000, 429, 2021-12-26, 07:10:01, 17.2, 17.3, 22.1, 99.9, 92, 95, 986.25
1000, 430, 2021-12-26, 07:11:01, 17.2, 17.4, 24.2, 99.9, 92, 95, 1025.42
1000, 431, 2021-12-26, 07:12:03, ?, 17.5, 26.5, ?, 92, 95, 1114.17
1000, 432, 2021-12-26, 07:13:04, ?, 17.7, 23.9, ?, 92, 95, 1171.25
1000, 433, 2021-12-26, 07:14:03, ?, 17.8, 23.1, ?, 92, 95, 1203.75
1000, 434, 2021-12-26, 07:15:03, ?, 17.9, 26.4, ?, 92, 95, 1272.92
1000, 435, 2021-12-26, 07:16:01, 17.5, 18.1, 24.3, 99.9, 93, 95, 1355.42
1000, 436, 2021-12-26, 07:17:03, ?, 18.2, 23.9, ?, 93, 95, 1409.17
1000, 437, 2021-12-26, 07:18:03, ?, 18.4, 23.4, ?, 93, 95, 1441.25
1000, 438, 2021-12-26, 07:19:01, 17.8, 18.8, 25.8, 99.9, 93, 95, 1514.58
1000, 439, 2021-12-26, 07:20:03, ?, 19.1, 27, ?, 93, 95, 1576.67
1000, 440, 2021-12-26, 07:21:01, 18.1, 19.4, 25, 99.9, 93, 32, 1553.75
1000, 441, 2021-12-26, 07:22:01, 18.1, 19.6, 23.7, 99.9, 93, 5, 1639.17
1000, 442, 2021-12-26, 07:23:01, 18.1, 19.9, 24.3, 99.9, 93, 5, 1712.5
1000, 443, 2021-12-26, 07:24:03, ?, 20.2, 26.8, ?, 93, 6, 1785.42
1000, 444, 2021-12-26, 07:25:01, 18.2, 20.1, 27.5, 99.9, 93, 6, 1777.5
1000, 445, 2021-12-26, 07:26:01, 18.4, 20, 26.7, 99.9, 93, 6, 1842.92
1000, 446, 2021-12-26, 07:27:01, 18.5, 19.9, 27.8, 99.9, 93, 6, 1903.33
1000, 447, 2021-12-26, 07:28:01, 18.8, 19.9, 24.2, 99.9, 93, 5, 1228.75
1000, 448, 2021-12-26, 07:29:03, ?, 20, 25.2, ?, 93, 5, 1571.67
1000, 449, 2021-12-26, 07:30:01, 19.4, 20.1, 25.8, 99.9, 93, 5, 1982.92
1000, 450, 2021-12-26, 07:31:03, ?, 20.2, 27.1, ?, 93, 6, 2014.17
1000, 451, 2021-12-26, 07:32:03, ?, 20.5, 26.6, ?, 93, 6, 2016.25
1000, 452, 2021-12-26, 07:33:01, 20.5, 20.7, 27.4, 99.9, 93, 6, 2124.17
1000, 453, 2021-12-26, 07:34:03, ?, 20.8, 26.6, ?, 93, 6, 2167.92
1000, 454, 2021-12-26, 07:35:03, ?, 21, 25.9, ?, 94, 5, 2211.25
1000, 455, 2021-12-26, 07:36:03, ?, 21.2, 30.3, ?, 94, 8, 2322.08
1000, 456, 2021-12-26, 07:37:01, 21.5, 21.3, 27.8, 99.9, 94, 6, 2343.33
1000, 457, 2021-12-26, 07:38:03, ?, 21.4, 27.1, ?, 94, 6, 2470.42
1000, 458, 2021-12-26, 07:39:03, ?, 21.4, 26.7, ?, 94, 6, 2574.58
1000, 459, 2021-12-26, 07:40:01, 21.9, 21.6, 26.8, 99.9, 94, 6, 2671.67
1000, 460, 2021-12-26, 07:41:03, ?, 22, 28.4, ?, 95, 7, 2752.5
1000, 461, 2021-12-26, 07:42:03, ?, 22.2, 27.7, ?, 95, 6, 2799.58
1000, 462, 2021-12-26, 07:43:01, 22.4, 22.5, 27.4, 99.9, 95, 6, 2880.83
1000, 463, 2021-12-26, 07:44:03, ?, 22.7, 30.5, ?, 95, 8, 2999.17
1000, 464, 2021-12-26, 07:45:01, 22.5, 22.8, 29.8, 99.9, 95, 8, 3127.08
1000, 465, 2021-12-26, 07:46:01, 22.7, 22.9, 29, 99.9, 95, 8, 3242.92
1000, 466, 2021-12-26, 07:47:03, ?, 23.1, 28.6, ?, 95, 7, 3333.75
1000, 467, 2021-12-26, 07:48:03, ?, 23.2, 38.1, ?, 95, 12, 3384.58
1000, 468, 2021-12-26, 07:49:01, 22.8, 23.4, 36, 99.9, 95, 11, 3497.5
1000, 469, 2021-12-26, 07:50:01, 23, 23.5, 36.2, 99.9, 95, 11, 3523.33
1000, 470, 2021-12-26, 07:51:03, ?, 23.8, 35.9, ?, 95, 10, 3651.67
1000, 471, 2021-12-26, 07:52:00, 23.5, 24, 34.3, 99.9, 95, 34, 3769.17
1000, 472, 2021-12-26, 07:53:03, ?, 23.9, 34.2, ?, 95, 20, 3857.5
1000, 473, 2021-12-26, 07:54:01, 23.6, 23.9, 35.4, 99.9, 95, 10, 3902.92
1000, 474, 2021-12-26, 07:55:01, 23.7, 23.7, 36.5, 99.9, 95, 11, 3941.25
1000, 475, 2021-12-26, 07:56:01, 23.6, 23.6, 34.9, 99.9, 95, 10, 4023.33
1000, 476, 2021-12-26, 07:57:03, ?, 23.6, 37.1, ?, 95, 11, 4120.83
1000, 477, 2021-12-26, 07:58:01, 23.5, 23.3, 35.9, 99.9, 95, 10, 4208.75
1000, 478, 2021-12-26, 07:59:01, 23.5, 23.2, 35, 99.9, 95, 10, 4182.08
1000, 479, 2021-12-26, 08:00:03, ?, 23.2, 35.1, ?, 95, 10, 4250.42
1000, 480, 2021-12-26, 08:01:01, 23.6, 23.5, 35.5, 99.9, 95, 10, 4377.08
1000, 481, 2021-12-26, 08:02:01, 23.7, 23.9, 37.4, 99.9, 95, 11, 4512.92
1000, 482, 2021-12-26, 08:03:03, ?, 24, 35.8, ?, 95, 10, 4491.67
1000, 483, 2021-12-26, 08:04:03, ?, 24.2, 34.2, ?, 95, 10, 4543.33
1000, 484, 2021-12-26, 08:05:03, ?, 24.2, 34.3, ?, 95, 10, 4635
1000, 485, 2021-12-26, 08:06:01, 23.8, 24.3, 35.2, 99.9, 95, 10, 4672.08
1000, 486, 2021-12-26, 08:07:01, 23.8, 24.2, 35.9, 99.9, 95, 10, 4764.58
1000, 487, 2021-12-26, 08:08:01, 23.8, 24.4, 34.4, 99.9, 95, 10, 4922.92
1000, 488, 2021-12-26, 08:09:01, 23.9, 24.5, 33.9, 99.9, 95, 10, 4928.75
1000, 489, 2021-12-26, 08:10:03, ?, 24.7, 34, ?, 95, 10, 4967.92
1000, 490, 2021-12-26, 08:11:01, 24.1, 24.7, 36, 99.9, 95, 11, 5063.33
1000, 491, 2021-12-26, 08:12:03, ?, 24.9, 34.8, ?, 95, 10, 5196.67
1000, 492, 2021-12-26, 08:13:01, 24.1, 25.2, 36.7, 99.9, 95, 11, 5177.08
1000, 493, 2021-12-26, 08:14:03, ?, 25.3, 37.3, ?, 95, 11, 5217.5
1000, 494, 2021-12-26, 08:15:01, 24.3, 25.4, 34.5, 99.9, 95, 10, 5078.33
1000, 495, 2021-12-26, 08:16:03, ?, 25.5, 35, ?, 95, 10, 5219.58
1000, 496, 2021-12-26, 08:17:01, 24.4, 25.5, 35.2, 99.9, 95, 10, 5356.25
1000, 497, 2021-12-26, 08:18:03, ?, 25.4, 36.7, ?, 95, 11, 5432.92
1000, 498, 2021-12-26, 08:19:00, 24.5, 25.8, 35.7, 99.9, 95, 10, 5511.67
1000, 499, 2021-12-26, 08:20:01, 24.6, 26, 36.6, 99.9, 95, 11, 5476.67
1000, 500, 2021-12-26, 08:21:01, 24.6, 26.1, 36.4, 99.9, 95, 11, 5570
1000, 501, 2021-12-26, 08:22:03, ?, 26.3, 34.6, ?, 95, 10, 5637.08
1000, 502, 2021-12-26, 08:23:00, 24.9, 26.6, 36.8, 99.9, 95, 11, 5715.83
1000, 503, 2021-12-26, 08:24:00, 25.1, 26.9, 37.1, 99.9, 95, 11, 5682.92
1000, 504, 2021-12-26, 08:25:03, ?, 27.2, 37.4, ?, 95, 11, 5787.5
1000, 505, 2021-12-26, 08:26:01, 25.6, 27.4, 37.2, 99.9, 95, 11, 5764.17
1000, 506, 2021-12-26, 08:27:03, ?, 27.4, 38.6, ?, 95, 12, 5832.92
1000, 507, 2021-12-26, 08:28:03, ?, 27.5, 37.6, ?, 95, 11, 5916.25
1000, 508, 2021-12-26, 08:29:03, ?, 27.6, 37.9, ?, 95, 11, 5837.92
1000, 509, 2021-12-26, 08:30:01, 26, 27.9, 39.5, 99.9, 95, 13, 5961.25
1000, 510, 2021-12-26, 08:31:03, ?, 28, 37.3, ?, 95, 11, 6052.5
1000, 511, 2021-12-26, 08:32:01, 26, 28.2, 38.8, 99.9, 95, 12, 6093.75
1000, 512, 2021-12-26, 08:33:01, 26.1, 28.6, 38.9, 99.9, 95, 12, 6085
1000, 513, 2021-12-26, 08:34:00, 26.2, 28.7, 38.7, 99.9, 95, 12, 6175
1000, 514, 2021-12-26, 08:35:03, ?, 28.9, 38.7, ?, 95, 12, 6258.75
1000, 515, 2021-12-26, 08:36:03, ?, 28.9, 38.6, ?, 95, 12, 6389.58
1000, 516, 2021-12-26, 08:37:03, ?, 29.1, 37.9, ?, 95, 11, 6442.92
1000, 517, 2021-12-26, 08:38:03, ?, 29.2, 41.4, ?, 95, 14, 6360
1000, 518, 2021-12-26, 08:39:00, 27, 29.2, 39.9, 99.9, 95, 13, 6505.42
1000, 519, 2021-12-26, 08:40:00, 26.8, 28.9, 38.7, 99, 95, 12, 6575.83
1000, 520, 2021-12-26, 08:41:00, 26.7, 28.7, 36.2, 95.5, 95, 33, 6567.92
1000, 521, 2021-12-26, 08:42:00, 26.8, 28.6, 37.7, 98.9, 95, 11, 6670.42
1000, 522, 2021-12-26, 08:43:00, 27, 28.7, 37.6, 99.9, 95, 11, 6743.75
1000, 523, 2021-12-26, 08:44:00, 27.2, 29, 38.7, 97.7, 95, 12, 6813.33
1000, 524, 2021-12-26, 08:45:00, 27.5, 29.3, 38.4, 99.9, 95, 12, 6920.83
1000, 525, 2021-12-26, 08:46:00, 27.7, 29.5, 38.1, 99.9, 95, 12, 7017.08
1000, 526, 2021-12-26, 08:47:03, ?, 29.6, 39.9, ?, 95, 13, 7107.08
1000, 527, 2021-12-26, 08:48:03, ?, 29.8, 39.3, ?, 95, 13, 7079.17
1000, 528, 2021-12-26, 08:49:03, ?, 29.9, 39.7, ?, 95, 13, 7257.5
1000, 529, 2021-12-26, 08:50:03, ?, 30.1, 35.4, ?, 95, 10, 7375.42
1000, 530, 2021-12-26, 08:51:00, 28.2, 30.2, 35.3, 97.4, 95, 30, 7474.58
1000, 531, 2021-12-26, 08:52:03, ?, 30.4, 36.5, ?, 95, 34, 7619.58
1000, 532, 2021-12-26, 08:53:00, 28.2, 30.1, 36.4, 95.7, 95, 19, 7756.25
1000, 533, 2021-12-26, 08:54:00, 27.7, 29.3, 35, 95.3, 95, 10, 7693.33
1000, 534, 2021-12-26, 08:55:03, ?, 28.4, 32.4, ?, 95, 9, 7807.92
1000, 535, 2021-12-26, 08:56:00, 27.3, 28.3, 32.2, 94.2, 95, 9, 7836.25
1000, 536, 2021-12-26, 08:57:03, ?, 28.4, 33.4, ?, 95, 10, 7940
1000, 537, 2021-12-26, 08:58:01, 27.4, 28.6, 33.6, 96.2, 95, 10, 8092.08
1000, 538, 2021-12-26, 08:59:03, ?, 28.8, 34.2, ?, 95, 10, 8225.83
1000, 539, 2021-12-26, 09:00:00, 27.7, 29, 33.8, 96.4, 95, 12, 8334.58
1000, 540, 2021-12-26, 09:01:03, ?, 29.2, 34.4, ?, 95, 25, 8451.25
1000, 541, 2021-12-26, 09:02:03, ?, 29.2, 34.3, ?, 95, 12, 8533.75
1000, 542, 2021-12-26, 09:03:03, ?, 29.3, 34.9, ?, 95, 23, 8759.17
1000, 543, 2021-12-26, 09:04:03, ?, 29.4, 35.4, ?, 95, 15, 8813.33
1000, 544, 2021-12-26, 09:05:01, 28.2, 29.5, 35.9, 96.2, 95, 10, 8870.83
1000, 545, 2021-12-26, 09:06:03, ?, 29.7, 36.1, ?, 95, 14, 9140.42
1000, 546, 2021-12-26, 09:07:01, 28.4, 29.7, 35.6, 95.9, 95, 23, 9217.08
1000, 547, 2021-12-26, 09:08:03, ?, 29.8, 36, ?, 95, 11, 9351.25
1000, 548, 2021-12-26, 09:09:00, 28.6, 29.8, 36, 91.8, 95, 11, 9587.5
1000, 549, 2021-12-26, 09:10:00, 28.7, 29.9, 36.1, 94.9, 95, 11, 9629.58
1000, 550, 2021-12-26, 09:11:03, ?, 29.7, 35.3, ?, 95, 10, 9807.92
1000, 551, 2021-12-26, 09:12:03, ?, 29.5, 34.8, ?, 95, 10, 9921.67
1000, 552, 2021-12-26, 09:13:03, ?, 29.4, 34.7, ?, 95, 10, 10020.8
1000, 553, 2021-12-26, 09:14:00, 28.4, 29.2, 34.5, 91.2, 95, 10, 10074.6
1000, 554, 2021-12-26, 09:15:03, ?, 29.2, 34.6, ?, 95, 10, 10335
1000, 555, 2021-12-26, 09:16:00, 28.6, 29.4, 35.1, 90.3, 95, 10, 10513.8
1000, 556, 2021-12-26, 09:17:03, ?, 29.7, 36, ?, 95, 11, 10564.6
1000, 557, 2021-12-26, 09:18:03, ?, 29.7, 35.7, ?, 95, 10, 10642.9
1000, 558, 2021-12-26, 09:19:03, ?, 29.6, 41.4, ?, 95, 14, 10918.3
1000, 559, 2021-12-26, 09:20:03, ?, 29.9, 42.1, ?, 95, 14, 11099.6
1000, 560, 2021-12-26, 09:21:03, ?, 30.2, 41.9, ?, 95, 14, 11230.8
1000, 561, 2021-12-26, 09:22:03, ?, 30.1, 42.1, ?, 95, 14, 11282.1
1000, 562, 2021-12-26, 09:23:03, ?, 30.2, 44.5, ?, 95, 16, 11542.9
1000, 563, 2021-12-26, 09:24:01, 29.4, 30.4, 42.4, 91, 95, 14, 11542.1
1000, 564, 2021-12-26, 09:25:01, 29.6, 30.6, 42.8, 91.2, 95, 14, 11705.4
1000, 565, 2021-12-26, 09:26:00, 29.7, 30.7, 42.1, 88.8, 95, 14, 11907.9
1000, 566, 2021-12-26, 09:27:00, 29.7, 30.4, 41.5, 85, 95, 14, 11934.2
1000, 567, 2021-12-26, 09:28:00, 29.6, 30.4, 41.1, 79.5, 95, 14, 12006.2
1000, 568, 2021-12-26, 09:29:00, 29.4, 30, 41.2, 88.7, 95, 14, 12069.6
1000, 569, 2021-12-26, 09:30:00, 29.2, 29.6, 40, 77.7, 95, 13, 12159.2
1000, 570, 2021-12-26, 09:31:01, 29, 29.5, 41.1, 87.5, 95, 14, 12245.8
1000, 571, 2021-12-26, 09:32:03, ?, 29.7, 41.2, ?, 95, 14, 12109.6
1000, 572, 2021-12-26, 09:33:01, 29.2, 29.9, 41, 89.5, 95, 14, 12200.8
1000, 573, 2021-12-26, 09:34:01, 29.2, 29.6, 40.1, 79.3, 92, 13, 12212.5
1000, 574, 2021-12-26, 09:35:01, 28.9, 29.4, 40.7, 75.8, 94, 13, 12361.7
1000, 575, 2021-12-26, 09:36:01, 29, 29.5, 39.4, 86, 95, 13, 12535
1000, 576, 2021-12-26, 09:37:01, 29, 29.6, 40.7, 82.2, 95, 13, 12190.4
1000, 577, 2021-12-26, 09:38:01, 29.3, 29.9, 41.4, 88.4, 95, 14, 12071.7
1000, 578, 2021-12-26, 09:39:01, 29.4, 30, 40.4, 84, 93, 13, 12381.7
1000, 579, 2021-12-26, 09:40:03, ?, 29.7, 41.8, ?, 93, 14, 12299.6
1000, 580, 2021-12-26, 09:41:01, 29.4, 29.9, 40.1, 85.4, 95, 13, 12525.8
1000, 581, 2021-12-26, 09:42:01, 29.6, 30.1, 41.9, 78.4, 93, 14, 12647.5
1000, 582, 2021-12-26, 09:43:01, 29.8, 30.3, 43.2, 88.9, 95, 15, 12792.1
1000, 583, 2021-12-26, 09:44:00, 29.9, 30.6, 42.2, 78.1, 95, 14, 12821.7
1000, 584, 2021-12-26, 09:45:03, ?, 30.6, 42.4, ?, 95, 14, 12914.2
1000, 585, 2021-12-26, 09:46:03, ?, 30.2, 41.7, ?, 91, 14, 12977.9
1000, 586, 2021-12-26, 09:47:01, 29.6, 29.9, 39.7, 77.2, 92, 13, 13048.3
1000, 587, 2021-12-26, 09:48:01, 29.7, 30.1, 40.9, 79.1, 95, 13, 13061.2
1000, 588, 2021-12-26, 09:49:01, 29.8, 30.1, 42, 78, 95, 14, 12938.3
1000, 589, 2021-12-26, 09:50:01, 29.9, 30.5, 41.6, 80.3, 95, 14, 13000
1000, 590, 2021-12-26, 09:51:01, 30.1, 30.7, 42.1, 79.2, 91, 14, 13159.2
1000, 591, 2021-12-26, 09:52:01, 30.3, 31.1, 43.2, 75.6, 93, 15, 13109.6
1000, 592, 2021-12-26, 09:53:01, 30.1, 30.8, 41, 70, 87, 14, 13305.8
1000, 593, 2021-12-26, 09:54:01, 29.7, 30.4, 39.9, 74.9, 89, 13, 12992.1
1000, 594, 2021-12-26, 09:55:03, ?, 30.1, 40.1, ?, 88, 13, 13095.8
1000, 595, 2021-12-26, 09:56:01, 29.7, 30.4, 42.5, 78.4, 92, 14, 13159.2
1000, 596, 2021-12-26, 09:57:01, 29.8, 30.6, 42.5, 78, 93, 14, 13174.6
1000, 597, 2021-12-26, 09:58:01, 30.1, 31.1, 41.9, 80.3, 95, 14, 13085.4
1000, 598, 2021-12-26, 09:59:01, 30.4, 31.6, 42.2, 79.2, 95, 14, 13260.8
1000, 599, 2021-12-26, 10:00:01, 30.4, 31.6, 42.6, 74.9, 89, 14, 13307.5
1000, 600, 2021-12-26, 10:01:01, 30.2, 31.1, 41.8, 67.4, 84, 14, 13146.7
1000, 601, 2021-12-26, 10:02:03, ?, 30.8, 39.5, ?, 88, 13, 13127.9
1000, 602, 2021-12-26, 10:03:01, 30.1, 30.8, 41.5, 75, 89, 14, 13189.2
1000, 603, 2021-12-26, 10:04:01, 30.2, 31, 40.2, 75.3, 90, 13, 13325.8
1000, 604, 2021-12-26, 10:05:03, ?, 30.9, 39.4, ?, 86, 13, 13336.7
1000, 605, 2021-12-26, 10:06:01, 30.1, 31.1, 39.2, 74.2, 88, 13, 13360.4
1000, 606, 2021-12-26, 10:07:03, ?, 31.4, 41.4, ?, 84, 14, 13341.7
1000, 607, 2021-12-26, 10:08:01, 30.2, 31.4, 41.4, 74.5, 85, 14, 13409.6
1000, 608, 2021-12-26, 10:09:01, 30.3, 31.6, 40.2, 72.3, 89, 13, 13505.8
1000, 609, 2021-12-26, 10:10:01, 30.3, 31.6, 39.3, 74.4, 80, 13, 13744.6
1000, 610, 2021-12-26, 10:11:01, 30.4, 31.5, 39.5, 71.5, 83, 13, 13700.4
1000, 611, 2021-12-26, 10:12:03, ?, 31.8, 41.8, ?, 82, 14, 13679.6
1000, 612, 2021-12-26, 10:13:01, 30.5, 31.8, 40.8, 69, 82, 13, 13816.7
1000, 613, 2021-12-26, 10:14:01, 30.6, 31.9, 40.8, 75.1, 83, 13, 13724.6
1000, 614, 2021-12-26, 10:15:01, 30.7, 31.9, 40, 65.8, 79, 13, 13680.8
1000, 615, 2021-12-26, 10:16:01, 30.6, 32, 40.1, 68.5, 83, 13, 13530
1000, 616, 2021-12-26, 10:17:01, 30.8, 32, 39.6, 72.8, 86, 13, 13330.8
1000, 617, 2021-12-26, 10:18:01, 30.7, 32.2, 41.1, 71.1, 85, 14, 13304.2
1000, 618, 2021-12-26, 10:19:01, 30.4, 31.8, 38.4, 66.9, 81, 12, 13162.5
1000, 619, 2021-12-26, 10:20:01, 30, 31.1, 37.8, 67.4, 84, 11, 13420
1000, 620, 2021-12-26, 10:21:01, 29.9, 30.8, 39.1, 69.2, 79, 13, 13793.7
1000, 621, 2021-12-26, 10:22:01, 29.9, 31, 38.4, 67, 83, 12, 13842.9
1000, 622, 2021-12-26, 10:23:03, ?, 31, 39, ?, 83, 13, 13849.6
1000, 623, 2021-12-26, 10:24:01, 29.8, 30.8, 37.4, 70.2, 82, 11, 13727.9
1000, 624, 2021-12-26, 10:25:03, ?, 31, 38.9, ?, 82, 12, 13925
1000, 625, 2021-12-26, 10:26:01, 29.9, 31, 38.9, 67.4, 82, 12, 13905
1000, 626, 2021-12-26, 10:27:01, 29.9, 31.1, 37.5, 67.7, 84, 11, 14079.6
1000, 627, 2021-12-26, 10:28:01, 30.1, 31.3, 38.8, 67.9, 80, 12, 14130
1000, 628, 2021-12-26, 10:29:03, ?, 31.2, 38.6, ?, 82, 12, 14154.6
1000, 629, 2021-12-26, 10:30:00, 30.1, 31.3, 39.2, 67.1, 83, 13, 14130.4
1000, 630, 2021-12-26, 10:31:03, ?, 31.2, 37.3, ?, 83, 11, 14153.3
1000, 631, 2021-12-26, 10:32:01, 30.1, 31, 37.9, 68.8, 83, 11, 14085
1000, 632, 2021-12-26, 10:33:01, 30, 31.3, 38.3, 65, 82, 12, 14142.1
1000, 633, 2021-12-26, 10:34:00, 30.2, 31.4, 37.6, 71.9, 84, 11, 14203.3
1000, 634, 2021-12-26, 10:35:03, ?, 31.4, 39.1, ?, 82, 13, 14050.4
1000, 635, 2021-12-26, 10:36:03, ?, 31.3, 39.1, ?, 84, 13, 14308.7
1000, 636, 2021-12-26, 10:37:01, 30.2, 31.4, 37.9, 69.7, 85, 11, 14232.5
1000, 637, 2021-12-26, 10:38:01, 30.5, 31.8, 38.7, 73.5, 83, 12, 14260.4
1000, 638, 2021-12-26, 10:39:01, 30.6, 31.8, 39.7, 66.3, 82, 13, 14336.7
1000, 639, 2021-12-26, 10:40:02, 30.7, 31.9, 39.2, 71.6, 85, 13, 13860.4
1000, 640, 2021-12-26, 10:41:01, 30.5, 31.3, 38, 72.5, 87, 12, 13740.4
1000, 641, 2021-12-26, 10:42:01, 30.5, 31.4, 39.2, 72.1, 88, 13, 13622.1
1000, 642, 2021-12-26, 10:43:01, 30.6, 31.6, 39.5, 72.7, 86, 13, 13949.2
1000, 643, 2021-12-26, 10:44:01, 30.7, 31.6, 38.4, 70.4, 85, 12, 13969.2
1000, 644, 2021-12-26, 10:45:01, 30.8, 31.6, 38.9, 75, 88, 12, 13993.7
1000, 645, 2021-12-26, 10:46:01, 30.8, 31.8, 41.4, 68.2, 82, 14, 13984.6
1000, 646, 2021-12-26, 10:47:01, 30.8, 31.6, 38.4, 70.1, 85, 12, 14067.9
1000, 647, 2021-12-26, 10:48:00, 31, 31.6, 38.9, 67.3, 84, 12, 13866.2
1000, 648, 2021-12-26, 10:49:01, 31, 31.7, 39.4, 73.2, 86, 13, 13926.7
1000, 649, 2021-12-26, 10:50:01, 31, 31.9, 39.7, 69.2, 85, 13, 14047.9
1000, 650, 2021-12-26, 10:51:01, 31.1, 32, 39.5, 72.2, 86, 13, 14236.7
1000, 651, 2021-12-26, 10:52:01, 31.1, 31.9, 38.9, 70.8, 85, 12, 14053.7
1000, 652, 2021-12-26, 10:53:01, 31.1, 31.9, 39.7, 68.8, 84, 13, 14111.7
1000, 653, 2021-12-26, 10:54:00, 31, 31.6, 39, 69.8, 85, 13, 13811.7
1000, 654, 2021-12-26, 10:55:03, ?, 31.6, 40.7, ?, 85, 13, 13728.3
1000, 655, 2021-12-26, 10:56:03, ?, 31.4, 40.4, ?, 86, 13, 13656.7
1000, 656, 2021-12-26, 10:57:03, ?, 31.4, 42.1, ?, 86, 14, 13708.7
1000, 657, 2021-12-26, 10:58:01, 30.6, 31.5, 39.9, 71, 87, 13, 13813.3
1000, 658, 2021-12-26, 10:59:01, 30.5, 31.4, 39.4, 70.4, 87, 13, 13648.7
1000, 659, 2021-12-26, 11:00:03, ?, 31.4, 38.8, ?, 86, 12, 13889.2
1000, 660, 2021-12-26, 11:01:01, 30.7, 31.6, 38.2, 67.6, 83, 12, 13821.7
1000, 661, 2021-12-26, 11:02:01, 30.6, 31.3, 38.9, 66.9, 81, 12, 13835
1000, 662, 2021-12-26, 11:03:03, ?, 30.9, 37.9, ?, 85, 11, 13925.8
1000, 663, 2021-12-26, 11:04:01, 30.5, 31.2, 38.4, 70.6, 88, 12, 13912.9
1000, 664, 2021-12-26, 11:05:01, 30.6, 31.6, 38.7, 71.2, 87, 12, 13765.4
1000, 665, 2021-12-26, 11:06:01, 30.8, 31.9, 38.3, 69.3, 85, 12, 13653.3
1000, 666, 2021-12-26, 11:07:01, 30.8, 31.6, 38.8, 70.1, 81, 12, 13552.1
1000, 667, 2021-12-26, 11:08:01, 30.5, 31.4, 38.2, 70.3, 83, 12, 13351.7
1000, 668, 2021-12-26, 11:09:01, 30.6, 31.4, 37.7, 71.5, 87, 11, 13442.1
1000, 669, 2021-12-26, 11:10:01, 30.9, 31.7, 38.7, 74.7, 90, 12, 13458.7
1000, 670, 2021-12-26, 11:11:03, ?, 32.1, 41.9, ?, 84, 14, 13657.1
1000, 671, 2021-12-26, 11:12:01, 31.2, 32.1, 40.1, 73.4, 85, 13, 13649.6
1000, 672, 2021-12-26, 11:13:01, 31.3, 32.4, 39.7, 71.1, 85, 13, 13666.7
1000, 673, 2021-12-26, 11:14:00, 31.2, 32.2, 39.7, 72.4, 82, 13, 13580
1000, 674, 2021-12-26, 11:15:01, 31.3, 32.4, 41.9, 69.6, 83, 14, 13457.9
1000, 675, 2021-12-26, 11:16:03, ?, 32.4, 41.8, ?, 84, 14, 13342.9
1000, 676, 2021-12-26, 11:17:01, 31.3, 32.2, 40.7, 66.6, 78, 13, 13161.2
1000, 677, 2021-12-26, 11:18:01, 31.2, 32, 38.4, 65.5, 81, 12, 13059.6
1000, 678, 2021-12-26, 11:19:01, 30.9, 31.9, 38, 64, 81, 12, 12935.4
1000, 679, 2021-12-26, 11:20:03, ?, 31.9, 38.6, ?, 82, 12, 12743.7
1000, 680, 2021-12-26, 11:21:01, 31, 32, 38.5, 64.2, 82, 12, 12719.6
1000, 681, 2021-12-26, 11:22:01, 30.3, 31.9, 39.6, 62.3, 78, 13, 12594.2
1000, 682, 2021-12-26, 11:23:01, 30.3, 31.6, 39.5, 65, 80, 13, 12455.8
1000, 683, 2021-12-26, 11:24:01, 30.5, 31.8, 38.9, 70.3, 84, 12, 12328.7
1000, 684, 2021-12-26, 11:25:01, 30.9, 32.1, 39.8, 74.2, 84, 13, 12367.1
1000, 685, 2021-12-26, 11:26:01, 31.1, 32.1, 39.6, 71.3, 87, 13, 12330.4
1000, 686, 2021-12-26, 11:27:01, 31.2, 32.2, 39.7, 69.9, 81, 13, 11985.8
1000, 687, 2021-12-26, 11:28:00, 31.3, 32.3, 39.7, 68.9, 80, 13, 11629.2
1000, 688, 2021-12-26, 11:29:01, 31.3, 32.4, 40.2, 67.7, 85, 13, 11811.7
1000, 689, 2021-12-26, 11:30:01, 31.3, 32.5, 39.3, 72.5, 85, 13, 12008.3
1000, 690, 2021-12-26, 11:31:01, 31.2, 32.4, 39.9, 70.7, 84, 13, 11860
1000, 691, 2021-12-26, 11:32:03, ?, 32, 38.5, ?, 82, 12, 11833.3
1000, 692, 2021-12-26, 11:33:01, 30.9, 31.9, 38.3, 67.9, 84, 12, 11784.2
1000, 693, 2021-12-26, 11:34:01, 31.1, 32.1, 40.5, 71.3, 85, 13, 11639.2
1000, 694, 2021-12-26, 11:35:00, 31.3, 32.4, 40.1, 69.5, 84, 13, 11467.1
1000, 695, 2021-12-26, 11:36:01, 31.5, 32.5, 39.3, 68.5, 83, 13, 11445.8
1000, 696, 2021-12-26, 11:37:01, 31.5, 32.6, 39, 70, 85, 13, 11352.9
1000, 697, 2021-12-26, 11:38:03, ?, 32.4, 38.8, ?, 84, 12, 11282.9
1000, 698, 2021-12-26, 11:39:01, 31.4, 32.3, 38.6, 65.7, 81, 12, 11166.7
1000, 699, 2021-12-26, 11:40:01, 31.1, 32.4, 38.9, 69, 81, 12, 11044.2
1000, 700, 2021-12-26, 11:41:01, 31.3, 32.6, 39.6, 68.8, 84, 13, 10878.3
1000, 701, 2021-12-26, 11:42:01, 31.5, 32.6, 39.7, 63.4, 79, 13, 10765
1000, 702, 2021-12-26, 11:43:01, 31, 32.2, 39.1, 63.2, 78, 13, 10707.1
1000, 703, 2021-12-26, 11:44:01, 30.7, 31.6, 38.9, 70.4, 82, 12, 10537.9
1000, 704, 2021-12-26, 11:45:01, 30.9, 31.6, 39.1, 72.3, 84, 13, 10204.2
1000, 705, 2021-12-26, 11:46:01, 31, 31.6, 38.9, 70.2, 81, 12, 10125
1000, 706, 2021-12-26, 11:47:01, 31.1, 31.6, 38.1, 75, 84, 12, 9912.5
1000, 707, 2021-12-26, 11:48:03, ?, 31.7, 38.8, ?, 85, 12, 9863.75
1000, 708, 2021-12-26, 11:49:01, 31.3, 32, 39.9, 71.8, 82, 13, 9702.92
1000, 709, 2021-12-26, 11:50:01, 31.4, 32.1, 39.8, 71.5, 81, 13, 9505
1000, 710, 2021-12-26, 11:51:01, 31.3, 31.6, 39.8, 66.1, 80, 13, 9347.5
1000, 711, 2021-12-26, 11:52:01, 31.1, 31.6, 39.5, 65, 81, 13, 9263.33
1000, 712, 2021-12-26, 11:53:01, 31.2, 31.9, 39.9, 69.9, 84, 13, 9103.75
1000, 713, 2021-12-26, 11:54:00, 31.4, 32, 39.3, 68.6, 80, 13, 8974.58
1000, 714, 2021-12-26, 11:55:01, 31.1, 31.9, 38.9, 69.3, 81, 12, 8848.33
1000, 715, 2021-12-26, 11:56:01, 31.1, 32, 38.9, 70, 83, 12, 8552.92
1000, 716, 2021-12-26, 11:57:01, 31.3, 32.1, 39, 73, 84, 13, 8473.75
1000, 717, 2021-12-26, 11:58:00, 31.4, 32.2, 39.2, 70.4, 82, 13, 8439.58
1000, 718, 2021-12-26, 11:59:01, 31.5, 32.4, 38.9, 67.8, 83, 12, 8386.25
1000, 719, 2021-12-26, 12:00:01, 31.5, 32.6, 39.2, 68.3, 84, 13, 8296.25
1000, 720, 2021-12-26, 12:01:01, 31.4, 32.6, 39.6, 66.3, 82, 13, 8182.92
1000, 721, 2021-12-26, 12:02:01, 31.6, 32.6, 39.9, 70.7, 84, 13, 8063.33
1000, 722, 2021-12-26, 12:03:01, 31.7, 32.7, 39.9, 65.6, 80, 13, 8001.67
1000, 723, 2021-12-26, 12:04:00, 31.6, 32.8, 40.4, 66.3, 80, 13, 7897.08
1000, 724, 2021-12-26, 12:05:01, 31.6, 32.6, 40.4, 71.4, 79, 13, 7793.33
1000, 725, 2021-12-26, 12:06:01, 31.6, 32.6, 39.9, 62.9, 79, 13, 7743.33
1000, 726, 2021-12-26, 12:07:01, 31.3, 32.5, 39.2, 65.7, 80, 13, 7596.25
1000, 727, 2021-12-26, 12:08:01, 31.4, 32.4, 39.3, 70.6, 85, 13, 7530
1000, 728, 2021-12-26, 12:09:01, 31.4, 32.4, 38.9, 67.1, 81, 12, 7539.17
1000, 729, 2021-12-26, 12:10:01, 31.3, 32.2, 38.1, 67.6, 83, 12, 7440
1000, 730, 2021-12-26, 12:11:01, 31.4, 32.3, 38.2, 68.6, 83, 12, 7295.83
1000, 731, 2021-12-26, 12:12:01, 31.5, 32.4, 38.3, 64.2, 80, 12, 7211.25
1000, 732, 2021-12-26, 12:13:02, 31.3, 32.2, 38.3, 67.6, 82, 12, 7184.17
1000, 733, 2021-12-26, 12:14:00, 31.5, 32.2, 38.3, 69.1, 81, 12, 7153.75
1000, 734, 2021-12-26, 12:15:01, 31.5, 32.4, 38.7, 67.2, 84, 12, 7113.75
1000, 735, 2021-12-26, 12:16:01, 31, 32.1, 38.4, 70.4, 83, 12, 7040.83
1000, 736, 2021-12-26, 12:17:01, 31.1, 32.1, 38.3, 71.7, 84, 12, 6919.17
1000, 737, 2021-12-26, 12:18:03, ?, 32.2, 38.3, ?, 80, 12, 6827.08
1000, 738, 2021-12-26, 12:19:01, 31, 32.2, 38.4, 65.9, 81, 12, 6835
1000, 739, 2021-12-26, 12:20:01, 30.8, 32.1, 35.5, 70.9, 80, 10, 6769.17
1000, 740, 2021-12-26, 12:21:01, 30.9, 32, 39.2, 67.3, 77, 13, 6716.25
1000, 741, 2021-12-26, 12:22:01, 30.9, 31.9, 39.4, 65.4, 81, 13, 6701.25
1000, 742, 2021-12-26, 12:23:01, 30.8, 31.9, 39.6, 64.6, 82, 13, 6659.17
1000, 743, 2021-12-26, 12:24:01, 30.9, 32.1, 40.1, 69.3, 81, 13, 6549.17
1000, 744, 2021-12-26, 12:25:01, 31, 32.2, 41, 71.7, 80, 14, 6475
1000, 745, 2021-12-26, 12:26:01, 30.9, 32.1, 39.7, 68.7, 82, 13, 6442.92
1000, 746, 2021-12-26, 12:27:01, 31, 32.1, 39.5, 70.1, 83, 13, 6375.83
1000, 747, 2021-12-26, 12:28:03, ?, 32.4, 39.6, ?, 83, 13, 6324.17
1000, 748, 2021-12-26, 12:29:00, 31.2, 32.2, 39.8, 67.3, 79, 13, 6308.75
1000, 749, 2021-12-26, 12:30:01, 31, 31.9, 39.1, 66.1, 80, 13, 6235.83
1000, 750, 2021-12-26, 12:31:01, 31.1, 31.9, 39.6, 72, 81, 13, 6197.92
1000, 751, 2021-12-26, 12:32:01, 31.1, 32.1, 40, 69.6, 83, 13, 6136.67
1000, 752, 2021-12-26, 12:33:01, 31.3, 32.5, 43.1, 67.9, 80, 15, 6097.08
1000, 753, 2021-12-26, 12:34:01, 31.1, 32.4, 39.8, 63.3, 80, 13, 6087.92
1000, 754, 2021-12-26, 12:35:01, 31.1, 32.4, 39.2, 67, 80, 13, 6018.75
1000, 755, 2021-12-26, 12:36:01, 31.1, 32.4, 39.3, 64.6, 78, 13, 5982.08
1000, 756, 2021-12-26, 12:37:03, ?, 32.4, 39, ?, 81, 13, 5967.08
1000, 757, 2021-12-26, 12:38:01, 31.1, 32.6, 39.2, 63.6, 79, 13, 5908.33
1000, 758, 2021-12-26, 12:39:01, 31.1, 32.6, 39.8, 71.4, 83, 13, 5866.67
1000, 759, 2021-12-26, 12:40:01, 31.1, 32.6, 39.7, 64.7, 76, 13, 5828.75
1000, 760, 2021-12-26, 12:41:01, 31, 32.1, 39.1, 66.3, 78, 13, 5777.5
1000, 761, 2021-12-26, 12:42:00, 30.9, 31.9, 38.9, 69.7, 82, 12, 5728.75
1000, 762, 2021-12-26, 12:43:01, 30.8, 31.9, 39, 68, 81, 13, 5687.92
1000, 763, 2021-12-26, 12:44:03, ?, 32.4, 40.8, ?, 83, 13, 5671.25
1000, 764, 2021-12-26, 12:45:01, 31, 32.5, 41.7, 67.6, 81, 14, 5638.75
1000, 765, 2021-12-26, 12:46:01, 30.8, 32.4, 41, 68.1, 80, 14, 5613.75
1000, 766, 2021-12-26, 12:47:01, 30.9, 32.4, 41.2, 72.2, 83, 14, 5576.67
1000, 767, 2021-12-26, 12:48:01, 30.8, 32.4, 41.1, 66.5, 81, 14, 5539.58
1000, 768, 2021-12-26, 12:49:01, 30.9, 32.4, 40.1, 72.3, 81, 13, 5507.92
1000, 769, 2021-12-26, 12:50:03, ?, 32.5, 39.9, ?, 81, 13, 5471.67
1000, 770, 2021-12-26, 12:51:01, 31.1, 32.7, 40.6, 73.8, 85, 13, 5441.25
1000, 771, 2021-12-26, 12:52:01, 31.3, 32.9, 41, 66.9, 80, 14, 5456.67
1000, 772, 2021-12-26, 12:53:01, 31.5, 33.1, 41.6, 69.3, 84, 14, 5401.25
1000, 773, 2021-12-26, 12:54:01, 31.4, 33.3, 42, 63.5, 79, 14, 5397.08
1000, 774, 2021-12-26, 12:55:01, 30.7, 32.8, 41.8, 79.7, 87, 14, 5370.83
1000, 775, 2021-12-26, 12:56:01, 29.6, 30.9, 40.4, 87.6, 92, 13, 5355.83
1000, 776, 2021-12-26, 12:57:03, ?, 29.8, 38.9, ?, 95, 12, 5494.17
1000, 777, 2021-12-26, 12:58:03, ?, 28.9, 36.1, ?, 95, 11, 5348.33
1000, 778, 2021-12-26, 12:59:01, 28.1, 28.7, 35.7, 84.9, 89, 10, 5227.08
1000, 779, 2021-12-26, 13:00:03, ?, 29.2, 37.3, ?, 90, 11, 5219.17
1000, 780, 2021-12-26, 13:01:01, 28.8, 29.6, 37.9, 77.4, 88, 11, 5186.67
1000, 781, 2021-12-26, 13:02:01, 29.2, 30.2, 38.5, 83.5, 90, 12, 5160.42
1000, 782, 2021-12-26, 13:03:03, ?, 31.1, 38.9, ?, 88, 12, 5165.83
1000, 783, 2021-12-26, 13:04:00, 30.2, 31.6, 40.1, 79.3, 88, 13, 5152.5
1000, 784, 2021-12-26, 13:05:01, 30.3, 31.9, 41.4, 69.8, 86, 14, 5106.25
1000, 785, 2021-12-26, 13:06:01, 30.4, 32, 40.1, 72.2, 85, 13, 5060.42
1000, 786, 2021-12-26, 13:07:01, 30.6, 32.2, 40, 77.4, 84, 13, 5020.42
1000, 787, 2021-12-26, 13:08:01, 30.6, 32.4, 40, 75.2, 81, 13, 4968.75
1000, 788, 2021-12-26, 13:09:03, ?, 32.4, 40.1, ?, 85, 13, 4938.75
1000, 789, 2021-12-26, 13:10:01, 30.9, 32.4, 39.9, 74, 84, 13, 4921.25
1000, 790, 2021-12-26, 13:11:00, 31, 32.6, 40, 71.4, 81, 13, 4882.08
1000, 791, 2021-12-26, 13:12:01, 31.1, 32.6, 40.6, 72.7, 84, 13, 4908.33
1000, 792, 2021-12-26, 13:13:01, 31, 32.9, 41, 67.6, 79, 14, 4948.33
1000, 793, 2021-12-26, 13:14:01, 30.8, 32.8, 40.9, 67.4, 82, 13, 4957.5
1000, 794, 2021-12-26, 13:15:03, ?, 32.9, 41.7, ?, 82, 14, 4943.33
1000, 795, 2021-12-26, 13:16:01, 30.8, 33.2, 41.9, 72, 84, 14, 4901.25
1000, 796, 2021-12-26, 13:17:01, 31, 33.4, 42.4, 70.1, 83, 14, 4868.75
1000, 797, 2021-12-26, 13:18:08, ?, 33.1, ?, ?, 79, ?, 4812.08
1000, 798, 2021-12-26, 13:19:03, ?, 33.2, 41.7, ?, 83, 14, 4790
1000, 799, 2021-12-26, 13:20:01, 31.1, 33.1, 41.6, 66.2, 78, 14, 4759.17
1000, 800, 2021-12-26, 13:21:01, 30.9, 32.7, 41, 67.3, 79, 14, 4776.25
1000, 801, 2021-12-26, 13:22:01, 30.8, 32.5, 42.6, 71.4, 83, 14, 4735.42
1000, 802, 2021-12-26, 13:23:01, 31, 32.7, 42.6, 68.6, 79, 14, 4720
1000, 803, 2021-12-26, 13:24:01, 30.8, 32.8, 42.8, 67.7, 77, 14, 4710.42
1000, 804, 2021-12-26, 13:25:01, 30.8, 32.5, 41.7, 67.7, 79, 14, 4652.92
1000, 805, 2021-12-26, 13:26:00, 30.7, 32.2, 42.1, 66.1, 79, 14, 4636.67
1000, 806, 2021-12-26, 13:27:01, 30.8, 32.4, 42.7, 68.6, 80, 14, 4617.92
1000, 807, 2021-12-26, 13:28:01, 31, 32.8, 42.8, 69.2, 82, 14, 4625.83
1000, 808, 2021-12-26, 13:29:03, ?, 32.9, 41.8, ?, 83, 14, 4600.83
1000, 809, 2021-12-26, 13:30:01, 31.1, 32.9, 41.8, 68.1, 82, 14, 4587.08
1000, 810, 2021-12-26, 13:31:01, 30.9, 32.8, 43.3, 67.7, 79, 15, 4558.75
1000, 811, 2021-12-26, 13:32:03, ?, 32.6, 42.4, ?, 80, 14, 4549.58
1000, 812, 2021-12-26, 13:33:01, 30.9, 32.6, 43.2, 69.2, 81, 15, 4513.33
1000, 813, 2021-12-26, 13:34:01, 30.9, 32.7, 42.8, 67.1, 80, 14, 4496.25
1000, 814, 2021-12-26, 13:35:01, 30.8, 32.9, 44.7, 64.5, 80, 16, 4477.5
1000, 815, 2021-12-26, 13:36:01, 30.7, 33, 43.1, 69.9, 83, 15, 4497.92
1000, 816, 2021-12-26, 13:37:01, 30.8, 32.9, 41.4, 68.2, 80, 14, 4484.17
1000, 817, 2021-12-26, 13:38:01, 30.9, 32.9, 41.4, 68.4, 78, 14, 4452.08
1000, 818, 2021-12-26, 13:39:01, 31, 32.9, 41.5, 68.2, 79, 14, 4449.17
1000, 819, 2021-12-26, 13:40:03, ?, 32.9, 42.2, ?, 82, 14, 4413.75
1000, 820, 2021-12-26, 13:41:01, 31.1, 33.1, 44.2, 69.8, 81, 16, 4410
1000, 821, 2021-12-26, 13:42:00, 31.2, 33, 44, 65, 77, 16, 4384.58
1000, 822, 2021-12-26, 13:43:03, ?, 32.8, 42.5, ?, 79, 14, 4366.25
1000, 823, 2021-12-26, 13:44:01, 30.9, 32.6, 42.2, 70.3, 82, 14, 4335
1000, 824, 2021-12-26, 13:45:01, 31, 32.9, 42.4, 67.5, 80, 14, 4298.75
1000, 825, 2021-12-26, 13:46:01, 31, 33.3, 43.2, 65.3, 78, 15, 4308.33
1000, 826, 2021-12-26, 13:47:01, 30.9, 33, 43.2, 66.6, 77, 15, 4311.67
1000, 827, 2021-12-26, 13:48:01, 30.9, 32.8, 43.1, 66.9, 80, 15, 4317.08
1000, 828, 2021-12-26, 13:49:01, 31, 32.9, 43.4, 69.3, 80, 15, 4274.17
1000, 829, 2021-12-26, 13:50:03, ?, 33.2, 42.6, ?, 81, 14, 4248.33
1000, 830, 2021-12-26, 13:51:01, 30.7, 32.9, 42, 83.4, 90, 14, 4257.5
1000, 831, 2021-12-26, 13:52:01, 29.6, 31.6, 41.4, 85.6, 94, 14, 4470.83
1000, 832, 2021-12-26, 13:53:01, 28.4, 29.5, 37.9, 91.1, 95, 11, 4440
1000, 833, 2021-12-26, 13:54:01, 27.7, 28.7, 36, 90.1, 95, 11, 4343.75
1000, 834, 2021-12-26, 13:55:01, 27.9, 28.9, 36.8, 85.5, 93, 11, 4282.08
1000, 835, 2021-12-26, 13:56:01, 28.3, 29.5, 38.5, 89.8, 93, 12, 4115.42
1000, 836, 2021-12-26, 13:57:01, 28.7, 30.4, 38.7, 84.5, 93, 12, 4053.33
1000, 837, 2021-12-26, 13:58:01, 29.4, 31.4, 39.4, 88, 94, 13, 4028.75
1000, 838, 2021-12-26, 13:59:00, 30, 32.1, 39.9, 84.2, 91, 13, 4053.33
1000, 839, 2021-12-26, 14:00:01, 30.3, 32.5, 42.9, 73.5, 84, 14, 4065
1000, 840, 2021-12-26, 14:01:01, 30.4, 32.6, 45.9, 75.6, 82, 16, 4061.67
1000, 841, 2021-12-26, 14:02:03, ?, 32.6, 43.6, ?, 83, 15, 4027.08
1000, 842, 2021-12-26, 14:03:01, 30.5, 32.2, 41.6, 72, 82, 14, 4023.75
1000, 843, 2021-12-26, 14:04:00, 30.6, 32.2, 42.7, 69.5, 83, 14, 4027.08
1000, 844, 2021-12-26, 14:05:01, 30.6, 32.1, 40.6, 67.9, 80, 13, 3996.25
1000, 845, 2021-12-26, 14:06:01, 30.6, 32.4, 43.9, 73.5, 81, 15, 3958.33
1000, 846, 2021-12-26, 14:07:01, 30.7, 32.5, 44.1, 70.4, 80, 16, 3920.83
1000, 847, 2021-12-26, 14:08:01, 30.8, 32.6, 44.6, 72.1, 80, 16, 3924.58
1000, 848, 2021-12-26, 14:09:01, 30.9, 32.6, 45.1, 74, 80, 16, 3865
1000, 849, 2021-12-26, 14:10:03, ?, 32.6, 44, ?, 78, 16, 3840.83
1000, 850, 2021-12-26, 14:11:00, 30.9, 32.4, 43, 67.4, 78, 15, 3825.42
1000, 851, 2021-12-26, 14:12:01, 30.8, 32.4, 44.9, 70.6, 80, 16, 3809.17
1000, 852, 2021-12-26, 14:13:01, 31, 32.6, 44.5, 69, 81, 16, 3796.67
1000, 853, 2021-12-26, 14:14:01, 31, 32.8, 44.9, 69.6, 79, 16, 3814.17
1000, 854, 2021-12-26, 14:15:01, 31, 32.9, 46, 66.5, 76, 16, 3806.67
1000, 855, 2021-12-26, 14:16:01, 31, 33, 43.7, 70.9, 81, 15, 3770
1000, 856, 2021-12-26, 14:17:01, 31, 32.9, 48.2, 73, 81, 18, 3735.83
1000, 857, 2021-12-26, 14:18:03, ?, 33.1, 46.4, ?, 80, 16, 3695
1000, 858, 2021-12-26, 14:19:01, 31.1, 33.3, 46.4, 71.6, 82, 16, 3677.08
1000, 859, 2021-12-26, 14:20:01, 31.3, 33.4, 47, 72.2, 80, 17, 3673.33
1000, 860, 2021-12-26, 14:21:01, 31.3, 33.1, 44.5, 71.2, 78, 16, 3664.58
1000, 861, 2021-12-26, 14:22:01, 31.1, 32.9, 43.9, 70.8, 81, 15, 3632.92
1000, 862, 2021-12-26, 14:23:03, ?, 33, 45, ?, 81, 16, 3640.42
1000, 863, 2021-12-26, 14:24:03, ?, 32.9, 45.2, ?, 81, 16, 3606.25
1000, 864, 2021-12-26, 14:25:01, 30.8, 32.7, 47, 67.4, 79, 17, 3579.17
1000, 865, 2021-12-26, 14:26:03, ?, 32.7, 45.1, ?, 78, 16, 3560
1000, 866, 2021-12-26, 14:27:01, 30.8, 32.6, 44.5, 72.9, 80, 16, 3528.75
1000, 867, 2021-12-26, 14:28:01, 30.9, 32.6, 44.2, 73.6, 80, 16, 3503.33
1000, 868, 2021-12-26, 14:29:01, 30.7, 32.4, 44.6, 67.1, 77, 16, 3435.83
1000, 869, 2021-12-26, 14:30:01, 30.8, 32.5, 44.6, 71, 79, 16, 3484.17
1000, 870, 2021-12-26, 14:31:01, 30.8, 32.7, 44.1, 70.7, 81, 16, 3474.17
1000, 871, 2021-12-26, 14:32:01, 30.7, 32.6, 44.1, 69.2, 78, 16, 3485
1000, 872, 2021-12-26, 14:33:01, 30.6, 32.7, 44, 65, 78, 16, 3444.58
1000, 873, 2021-12-26, 14:34:01, 30.6, 32.7, 45.2, 67.8, 80, 16, 3415.83
1000, 874, 2021-12-26, 14:35:01, 30.6, 32.7, 43.9, 72.3, 79, 15, 3384.17
1000, 875, 2021-12-26, 14:36:01, 30.6, 32.7, 43.3, 68.2, 78, 15, 3379.17
1000, 876, 2021-12-26, 14:37:01, 30.7, 32.9, 43.7, 68.6, 80, 15, 3363.33
1000, 877, 2021-12-26, 14:38:01, 30.6, 32.9, 43, 67.8, 77, 15, 3349.17
1000, 878, 2021-12-26, 14:39:01, 30.8, 32.9, 42.9, 72.2, 80, 14, 3336.25
1000, 879, 2021-12-26, 14:40:00, 31, 33.1, 42.6, 74.9, 82, 14, 3345
1000, 880, 2021-12-26, 14:41:04, 31, ?, 42.8, 65.1, ?, 14, 3334.58
1000, 881, 2021-12-26, 14:42:01, 30.8, 32.9, 43, 66.9, 77, 15, 3283.75
1000, 882, 2021-12-26, 14:43:01, 30.7, 32.7, 43.1, 70.1, 80, 15, 3277.5
1000, 883, 2021-12-26, 14:44:01, 30.7, 32.7, 43.5, 72.5, 81, 15, 3266.67
1000, 884, 2021-12-26, 14:45:00, 30.8, 33, 44.9, 70, 82, 16, 3235.83
1000, 885, 2021-12-26, 14:46:00, 30.9, 33, 46.1, 72, 82, 16, 3245
1000, 886, 2021-12-26, 14:47:01, 31, 33.2, 44.6, 73.7, 80, 16, 3209.58
1000, 887, 2021-12-26, 14:48:01, 30.6, 32.4, 43, 83.2, 90, 15, 3230.83
1000, 888, 2021-12-26, 14:49:01, 29.2, 30.1, 41.8, 84.6, 91, 14, 3186.25
1000, 889, 2021-12-26, 14:50:01, 28, 28.9, 39.2, 89.8, 93, 13, 3169.58
1000, 890, 2021-12-26, 14:51:03, ?, 28.2, 38.1, ?, 95, 12, 3136.25
1000, 891, 2021-12-26, 14:52:01, 27.5, 28.8, 38.3, 86, 92, 12, 3123.33
1000, 892, 2021-12-26, 14:53:01, 27.9, 29.5, 39, 92.4, 94, 13, 3121.67
1000, 893, 2021-12-26, 14:54:01, 28.3, 30.5, 41, 82.4, 90, 14, 3100
1000, 894, 2021-12-26, 14:55:01, 28.6, 31.3, 41.4, 81.1, 84, 14, 3072.5
1000, 895, 2021-12-26, 14:56:00, 29, 31.8, 40.7, 78.7, 84, 13, 3057.08
1000, 896, 2021-12-26, 14:57:01, 29.5, 32.4, 41.3, 83.7, 86, 14, 3022.08
1000, 897, 2021-12-26, 14:58:01, 29.9, 32.5, 42.1, 77.1, 83, 14, 3016.25
1000, 898, 2021-12-26, 14:59:03, ?, 32.9, 43, ?, 85, 15, 3014.58
1000, 899, 2021-12-26, 15:00:01, 30.3, 33.1, 43.5, 73, 78, 15, 3004.17
1000, 900, 2021-12-26, 15:01:01, 30.5, 32.9, 43.4, 72.8, 80, 15, 2996.25
1000, 901, 2021-12-26, 15:02:01, 30.5, 33.1, 43, 74.6, 79, 15, 2992.5
1000, 902, 2021-12-26, 15:03:01, 30.7, 32.9, 43.5, 71, 79, 15, 2963.33
1000, 903, 2021-12-26, 15:04:01, 30.7, 32.9, 44.2, 75.1, 79, 16, 2940.42
1000, 904, 2021-12-26, 15:05:01, 30.7, 32.9, 41.8, 74.3, 80, 14, 2914.58
1000, 905, 2021-12-26, 15:06:03, ?, 32.9, 41.5, ?, 79, 14, 2916.67
1000, 906, 2021-12-26, 15:07:01, 30.5, 33.1, 41.9, 70.6, 81, 14, 2914.58
1000, 907, 2021-12-26, 15:08:01, 30.5, 33.2, 42.1, 76.3, 81, 14, 2916.67
1000, 908, 2021-12-26, 15:09:01, 30.4, 33.1, 42.5, 69.3, 78, 14, 2885.83
1000, 909, 2021-12-26, 15:10:01, 30.3, 33, 42.8, 72.2, 81, 14, 2865.83
1000, 910, 2021-12-26, 15:11:01, 30.3, 33.1, 42, 70.9, 80, 14, 2846.67
1000, 911, 2021-12-26, 15:12:01, 30.4, 33.4, 42.9, 73.1, 79, 14, 2817.08
1000, 912, 2021-12-26, 15:13:01, 30.2, 33.4, 43.4, 69.8, 80, 15, 2788.75
1000, 913, 2021-12-26, 15:14:01, 30.2, 33.4, 44.6, 74.2, 80, 16, 2774.17
1000, 914, 2021-12-26, 15:15:01, 30.1, 33.1, 44.7, 70.2, 79, 16, 2763.75
1000, 915, 2021-12-26, 15:16:01, 30.3, 33.1, 45.9, 70.9, 79, 16, 2754.58
1000, 916, 2021-12-26, 15:17:01, 30.3, 32.9, 43.3, 69.2, 77, 15, 2750.83
1000, 917, 2021-12-26, 15:18:01, 30.2, 32.8, 43.5, 68.9, 77, 15, 2743.75
1000, 918, 2021-12-26, 15:19:03, ?, 32.6, 43.8, ?, 77, 15, 2727.08
1000, 919, 2021-12-26, 15:20:01, 30.2, 32.6, 45.9, 71.9, 77, 16, 2715.42
1000, 920, 2021-12-26, 15:21:01, 30.3, 32.7, 45.7, 71.7, 79, 16, 2708.75
1000, 921, 2021-12-26, 15:22:01, 30.3, 32.8, 46.6, 71.1, 78, 16, 2689.58
1000, 922, 2021-12-26, 15:23:01, 30.4, 32.9, 45.9, 69.9, 80, 16, 2667.92
1000, 923, 2021-12-26, 15:24:01, 30.5, 32.8, 45.1, 65.4, 76, 16, 2643.75
1000, 924, 2021-12-26, 15:25:01, 30.3, 32.6, 44.2, 68.6, 77, 16, 2635.83
1000, 925, 2021-12-26, 15:26:01, 30.3, 32.7, 43.2, 70, 77, 15, 2625.42
1000, 926, 2021-12-26, 15:27:01, 30.4, 32.9, 43.6, 72.1, 80, 15, 2627.92
1000, 927, 2021-12-26, 15:28:01, 30.3, 32.6, 43.1, 70.8, 79, 15, 2631.67
1000, 928, 2021-12-26, 15:29:01, 30, 32.2, 43.2, 69.7, 77, 15, 2615.42
1000, 929, 2021-12-26, 15:30:01, 30.1, 32.2, 42.1, 72, 82, 14, 2589.17
1000, 930, 2021-12-26, 15:31:03, ?, 32.4, 42.4, ?, 79, 14, 2582.5
1000, 931, 2021-12-26, 15:32:00, 30.2, 32.4, 42.5, 72.2, 80, 14, 2542.92
1000, 932, 2021-12-26, 15:33:01, 30.3, 32.5, 41.6, 68.8, 79, 14, 2516.67
1000, 933, 2021-12-26, 15:34:01, 30.4, 32.6, 41.4, 71.3, 79, 14, 2513.33
1000, 934, 2021-12-26, 15:35:01, 30.5, 32.5, 42.5, 70.7, 79, 14, 2503.33
1000, 935, 2021-12-26, 15:36:01, 30.3, 32.4, 42.7, 71.2, 78, 14, 2495
1000, 936, 2021-12-26, 15:37:01, 30.2, 32.5, 42.7, 69.1, 80, 14, 2502.92
1000, 937, 2021-12-26, 15:38:01, 30.2, 32.6, 41.9, 70.5, 79, 14, 2507.5
1000, 938, 2021-12-26, 15:39:00, 30.1, 32.5, 41.2, 70.7, 79, 14, 2508.75
1000, 939, 2021-12-26, 15:40:01, 30.1, 32.6, 41.6, 69.7, 81, 14, 2497.5
1000, 940, 2021-12-26, 15:41:01, 30, 32.7, 50, 72.8, 80, 19, 2485
1000, 941, 2021-12-26, 15:42:01, 29.9, 32.5, 43.3, 70.8, 79, 15, 2467.92
1000, 942, 2021-12-26, 15:43:01, 29.9, 32.4, 41.8, 78.4, 82, 14, 2463.75
1000, 943, 2021-12-26, 15:44:03, ?, 32.6, 42.1, ?, 81, 14, 2460.42
1000, 944, 2021-12-26, 15:45:01, 29.8, 32.5, 41.4, 65.3, 75, 14, 2445.42
1000, 945, 2021-12-26, 15:46:01, 29.8, 32.4, 41.8, 70.8, 79, 14, 2429.17
1000, 946, 2021-12-26, 15:47:01, 29.7, 32.2, 41.5, 68.5, 77, 14, 2413.33
1000, 947, 2021-12-26, 15:48:03, ?, 32.1, 40.7, ?, 78, 13, 2394.17
1000, 948, 2021-12-26, 15:49:01, 29.7, 32.1, 40.6, 72.2, 79, 13, 2390.42
1000, 949, 2021-12-26, 15:50:03, ?, 32.1, 40.9, ?, 76, 13, 2371.25
1000, 950, 2021-12-26, 15:51:01, 29.8, 31.9, 40.4, 69.8, 77, 13, 2365.83
1000, 951, 2021-12-26, 15:52:01, 29.8, 32, 40.2, 70.8, 80, 13, 2341.25
1000, 952, 2021-12-26, 15:53:01, 29.9, 32, 41.5, 70, 80, 14, 2312.92
1000, 953, 2021-12-26, 15:54:03, ?, 32, 41.1, ?, 79, 14, 2310.83
1000, 954, 2021-12-26, 15:55:01, 30.1, 31.8, 40.6, 71.5, 79, 13, 2280
1000, 955, 2021-12-26, 15:56:01, 30.1, 31.8, 40.1, 72.8, 80, 13, 2267.92
1000, 956, 2021-12-26, 15:57:01, 30.3, 32, 42.8, 67.8, 80, 14, 2253.75
1000, 957, 2021-12-26, 15:58:01, 30.3, 32.1, 41.9, 66.9, 79, 14, 2245
1000, 958, 2021-12-26, 15:59:01, 30.1, 32.1, 40.9, 65.6, 77, 13, 2238.33
1000, 959, 2021-12-26, 16:00:01, 30, 32, 41.1, 67.1, 76, 14, 2207.5
1000, 960, 2021-12-26, 16:01:01, 30.1, 31.9, 41.5, 68.7, 78, 14, 2175.42
1000, 961, 2021-12-26, 16:02:01, 29.9, 31.7, 40.9, 74.1, 82, 13, 2157.92
1000, 962, 2021-12-26, 16:03:01, 29.8, 31.6, 41.9, 71.1, 82, 14, 2131.67
1000, 963, 2021-12-26, 16:04:01, 29.9, 31.9, 42.1, 78.2, 80, 14, 2126.67
1000, 964, 2021-12-26, 16:05:01, 29.9, 32, 40.7, 70.5, 80, 13, 2097.08
1000, 965, 2021-12-26, 16:06:01, 29.7, 31.9, 40.5, 71.7, 79, 13, 2080.83
1000, 966, 2021-12-26, 16:07:01, 29.5, 32.1, 40, 70.1, 79, 13, 2095
1000, 967, 2021-12-26, 16:08:00, 29.4, 32.1, 39.6, 77.4, 79, 13, 2060.42
1000, 968, 2021-12-26, 16:09:01, 29.4, 32.1, 38.7, 71.2, 77, 12, 2025
1000, 969, 2021-12-26, 16:10:01, 29.3, 32, 39.8, 75.6, 78, 13, 2002.92
1000, 970, 2021-12-26, 16:11:01, 29.3, 32, 39, 72.3, 78, 13, 1984.58
1000, 971, 2021-12-26, 16:12:01, 29.2, 31.9, 40.7, 70.2, 77, 13, 1969.58
1000, 972, 2021-12-26, 16:13:01, 29.2, 32, 42.2, 74.9, 79, 14, 1952.08
1000, 973, 2021-12-26, 16:14:03, ?, 32, 43.4, ?, 81, 15, 1947.5
1000, 974, 2021-12-26, 16:15:01, 29.1, 31.6, 43.8, 70.5, 79, 15, 1927.08
1000, 975, 2021-12-26, 16:16:03, ?, 31.3, 44.7, ?, 81, 16, 1895.42
1000, 976, 2021-12-26, 16:17:01, 29, 31, 42.8, 72.3, 83, 14, 1852.92
1000, 977, 2021-12-26, 16:18:01, 28.9, 30.4, 43.5, 71.2, 81, 15, 1828.33
1000, 978, 2021-12-26, 16:19:01, 28.7, 29.9, 44.7, 70.9, 80, 16, 1793.75
1000, 979, 2021-12-26, 16:20:01, 28.9, 29.9, 44.7, 77.6, 85, 16, 1770.83
1000, 980, 2021-12-26, 16:21:01, 29, 29.8, 44.6, 74.5, 85, 16, 1734.17
1000, 981, 2021-12-26, 16:22:01, 29, 29.7, 43.1, 79.2, 88, 15, 1689.17
1000, 982, 2021-12-26, 16:23:01, 29, 29.7, 41.3, 80.1, 85, 14, 1667.08
1000, 983, 2021-12-26, 16:24:03, ?, 29.5, 40.8, ?, 87, 13, 1657.5
1000, 984, 2021-12-26, 16:25:01, 28.4, 29.4, 41.4, 80.2, 88, 14, 1621.67
1000, 985, 2021-12-26, 16:26:03, ?, 29.2, 40.6, ?, 86, 13, 1564.58
1000, 986, 2021-12-26, 16:27:01, 28.1, 29, 40, 81.6, 87, 13, 1514.17
1000, 987, 2021-12-26, 16:28:01, 28, 28.7, 39.4, 81.2, 87, 13, 1485.42
1000, 988, 2021-12-26, 16:29:01, 27.8, 28.6, 39.8, 79, 87, 13, 1469.58
1000, 989, 2021-12-26, 16:30:01, 27.7, 28.6, 41.1, 79.8, 89, 14, 1444.58
1000, 990, 2021-12-26, 16:31:01, 27.7, 28.4, 41.5, 77, 86, 14, 1396.67
1000, 991, 2021-12-26, 16:32:03, ?, 28.2, 39.7, ?, 89, 13, 1302.92
1000, 992, 2021-12-26, 16:33:01, 27.6, 28.1, 39.7, 83.5, 91, 13, 1166.67
1000, 993, 2021-12-26, 16:34:01, 27.4, 27.9, 38.7, 84.9, 93, 12, 1039.58
1000, 994, 2021-12-26, 16:35:01, 27.3, 27.7, 38.6, 80.5, 93, 12, 965.833
1000, 995, 2021-12-26, 16:36:01, 27.1, 27.5, 40.5, 80.9, 89, 13, 917.083
1000, 996, 2021-12-26, 16:37:01, 27, 27.3, 38.3, 79.4, 91, 12, 875.417
1000, 997, 2021-12-26, 16:38:01, 27, 27.2, 36.4, 82.8, 91, 11, 837.5
1000, 998, 2021-12-26, 16:39:03, ?, 27.2, 40.4, ?, 95, 13, 800
1000, 999, 2021-12-26, 16:40:03, ?, 27, 38.7, ?, 93, 12, 756.25
1000, 1000, 2021-12-26, 16:41:01, 26.7, 26.9, 40.8, 81, 93, 13, 717.5
1000, 1001, 2021-12-26, 16:42:01, 26.7, 26.9, 40.1, 84.6, 94, 13, 688.333
1000, 1002, 2021-12-26, 16:43:03, ?, 26.9, 36.9, ?, 95, 11, 660.833
1000, 1003, 2021-12-26, 16:44:01, 26.6, 26.9, 37.1, 84.9, 95, 11, 640.833
1000, 1004, 2021-12-26, 16:45:01, 26.5, 26.8, 36.7, 86.4, 95, 11, 627.5
1000, 1005, 2021-12-26, 16:46:01, 26.5, 26.7, 38.5, 84.6, 95, 12, 616.25
1000, 1006, 2021-12-26, 16:47:01, 26.4, 26.7, 37.3, 85.7, 95, 11, 602.917
1000, 1007, 2021-12-26, 16:48:01, 26.3, 26.5, 37.3, 88.3, 95, 11, 588.75
1000, 1008, 2021-12-26, 16:49:01, 26.3, 26.4, 36.9, 86.3, 95, 11, 577.917
1000, 1009, 2021-12-26, 16:50:01, 26.3, 26.3, 39.2, 86.5, 95, 13, 570
1000, 1010, 2021-12-26, 16:51:01, 26.2, 26.3, 35.5, 90.1, 95, 10, 565.417
1000, 1011, 2021-12-26, 16:52:01, 26, 26.2, 36.4, 85.1, 95, 11, 557.5
1000, 1012, 2021-12-26, 16:53:01, 26, 26, 36.1, 86.8, 95, 11, 547.917
1000, 1013, 2021-12-26, 16:54:01, 26, 26.1, 38.4, 85.9, 95, 12, 538.75
1000, 1014, 2021-12-26, 16:55:00, 26, 26.1, 36.1, 85.2, 95, 11, 529.167
1000, 1015, 2021-12-26, 16:56:01, 26, 26.1, 38.7, 87.8, 95, 12, 523.333
1000, 1016, 2021-12-26, 16:57:01, 26, 26.1, 37.8, 88.5, 95, 11, 517.083
1000, 1017, 2021-12-26, 16:58:01, 25.9, 26.1, 36.7, 88.6, 95, 11, 515
1000, 1018, 2021-12-26, 16:59:01, 25.9, 26.1, 35.9, 86.9, 95, 10, 512.083
1000, 1019, 2021-12-26, 17:00:01, 25.8, 26, 35.4, 86.1, 95, 10, 508.333
1000, 1020, 2021-12-26, 17:01:01, 25.9, 26, 35.3, 87.8, 95, 10, 501.25
1000, 1021, 2021-12-26, 17:02:01, 25.9, 26, 36.3, 86.1, 95, 11, 493.333
1000, 1022, 2021-12-26, 17:03:01, 25.9, 26.1, 38.1, 88, 95, 12, 487.083
1000, 1023, 2021-12-26, 17:04:01, 25.9, 26.1, 38.2, 85.9, 95, 12, 484.167
1000, 1024, 2021-12-26, 17:05:01, 25.9, 26.1, 37.5, 89.5, 95, 11, 480
1000, 1025, 2021-12-26, 17:06:01, 25.9, 26.1, 38.6, 88.3, 95, 12, 473.75
1000, 1026, 2021-12-26, 17:07:01, 25.8, 26, 38, 86.2, 95, 12, 470.417
1000, 1027, 2021-12-26, 17:08:00, 25.7, 25.9, 37.4, 89.5, 95, 11, 468.333
1000, 1028, 2021-12-26, 17:09:01, 25.6, 25.7, 36.6, 88.2, 95, 11, 462.083
1000, 1029, 2021-12-26, 17:10:00, 25.6, 25.6, 35.4, 91.2, 95, 10, 450.417
1000, 1030, 2021-12-26, 17:11:01, 25.5, 25.6, 35.7, 90.7, 95, 10, 440.417
1000, 1031, 2021-12-26, 17:12:01, 25.5, 25.6, 35.6, 88.1, 95, 10, 430
1000, 1032, 2021-12-26, 17:13:01, 25.5, 25.6, 36.1, 89.7, 95, 11, 423.333
1000, 1033, 2021-12-26, 17:14:03, ?, 25.5, 36.1, ?, 95, 11, 417.917
1000, 1034, 2021-12-26, 17:15:03, ?, 25.4, 37.8, ?, 95, 11, 412.083
1000, 1035, 2021-12-26, 17:16:01, 25.3, 25.4, 35.2, 90, 95, 10, 406.667
1000, 1036, 2021-12-26, 17:17:01, 25.4, 25.4, 34.2, 90.1, 95, 10, 400.417
1000, 1037, 2021-12-26, 17:18:03, ?, 25.4, 35.4, ?, 95, 10, 392.917
1000, 1038, 2021-12-26, 17:19:01, 25.2, 25.3, 34.3, 91, 95, 10, 385.417
1000, 1039, 2021-12-26, 17:20:03, ?, 25.2, 35.4, ?, 95, 10, 378.333
1000, 1040, 2021-12-26, 17:21:01, 25.1, 25.2, 34.2, 91.3, 95, 10, 373.333
1000, 1041, 2021-12-26, 17:22:03, ?, 25.2, 35.1, ?, 95, 10, 365
1000, 1042, 2021-12-26, 17:23:01, 25.2, 25.3, 37.6, 91, 95, 11, 357.083
1000, 1043, 2021-12-26, 17:24:01, 25.2, 25.3, 34.5, 90.5, 95, 10, 350
1000, 1044, 2021-12-26, 17:25:01, 25.1, 25.3, 34.2, 90.8, 95, 10, 343.333
1000, 1045, 2021-12-26, 17:26:01, 25.1, 25.3, 34.5, 91.3, 95, 10, 336.25
1000, 1046, 2021-12-26, 17:27:01, 25, 25.2, 34.4, 90.5, 95, 10, 329.167
1000, 1047, 2021-12-26, 17:28:01, 25, 25.2, 34.6, 90.3, 95, 10, 320.417
1000, 1048, 2021-12-26, 17:29:01, 25, 25.1, 34.9, 91, 95, 10, 311.25
1000, 1049, 2021-12-26, 17:30:01, 25, 25.2, 35.4, 90.5, 95, 10, 302.5
1000, 1050, 2021-12-26, 17:31:01, 24.9, 25.1, 35.4, 90.4, 95, 10, 295.833
1000, 1051, 2021-12-26, 17:32:01, 24.9, 25, 36.4, 91.3, 95, 11, 287.917
1000, 1052, 2021-12-26, 17:33:01, 24.9, 25, 36.2, 91.1, 95, 11, 278.75
1000, 1053, 2021-12-26, 17:34:01, 24.9, 24.9, 38.2, 92.5, 95, 12, 269.167
1000, 1054, 2021-12-26, 17:35:01, 24.8, 24.9, 36.4, 91.9, 95, 11, 259.583
1000, 1055, 2021-12-26, 17:36:03, ?, 24.9, 36.2, ?, 95, 11, 250.833
1000, 1056, 2021-12-26, 17:37:01, 24.7, 24.8, 33.9, 91.9, 95, 10, 241.25
1000, 1057, 2021-12-26, 17:38:01, 24.8, 24.8, 35.4, 92.4, 95, 10, 233.333
1000, 1058, 2021-12-26, 17:39:03, ?, 24.8, 33.8, ?, 95, 10, 224.583
1000, 1059, 2021-12-26, 17:40:03, ?, 24.9, 34.4, ?, 95, 10, 215.417
1000, 1060, 2021-12-26, 17:41:01, 24.8, 24.9, 36.2, 90.9, 95, 11, 205.833
1000, 1061, 2021-12-26, 17:42:03, ?, 24.9, 36.4, ?, 95, 11, 196.667
1000, 1062, 2021-12-26, 17:43:01, 24.6, 24.8, 35.1, 91.9, 95, 10, 187.5
1000, 1063, 2021-12-26, 17:44:01, 24.5, 24.7, 35.5, 94.1, 95, 10, 178.333
1000, 1064, 2021-12-26, 17:45:01, 24.5, 24.6, 36.2, 93.7, 95, 11, 168.75
1000, 1065, 2021-12-26, 17:46:01, 24.4, 24.6, 34.2, 92.9, 95, 10, 160
1000, 1066, 2021-12-26, 17:47:01, 24.6, 24.7, 36.6, 90.9, 95, 11, 150
1000, 1067, 2021-12-26, 17:48:01, 24.7, 25, 35.4, 90.6, 95, 10, 140.833
1000, 1068, 2021-12-26, 17:49:03, ?, 25.1, 35.9, ?, 95, 10, 131.25
1000, 1069, 2021-12-26, 17:50:03, ?, 25, 35.8, ?, 95, 10, 122.5
1000, 1070, 2021-12-26, 17:51:01, 24.7, 24.9, 35.8, 92.7, 95, 10, 113.75
1000, 1071, 2021-12-26, 17:52:01, 24.6, 24.8, 35.1, 93.5, 95, 10, 106.667
1000, 1072, 2021-12-26, 17:53:00, 24.5, 24.7, 34.4, 93.3, 95, 10, 96.667
1000, 1073, 2021-12-26, 17:54:03, ?, 24.6, 34.3, ?, 95, 10, 88.75
1000, 1074, 2021-12-26, 17:55:03, ?, 24.5, 37.6, ?, 95, 11, 81.25
1000, 1075, 2021-12-26, 17:56:01, 24.3, 24.6, 34.9, 93, 95, 10, 73.75
1000, 1076, 2021-12-26, 17:57:01, 24.4, 24.7, 34.9, 93, 95, 10, 67.083
1000, 1077, 2021-12-26, 17:58:01, 24.3, 24.6, 34.3, 93.7, 95, 10, 60
1000, 1078, 2021-12-26, 17:59:03, ?, 24.5, 35.3, ?, 95, 10, 53.75
1000, 1079, 2021-12-26, 18:00:03, ?, 24.4, 35.6, ?, 95, 10, 47.5
1000, 1080, 2021-12-26, 18:01:01, 24.3, 24.5, 33.9, 93, 95, 10, 42.083
1000, 1081, 2021-12-26, 18:02:01, 24.2, 24.5, 34, 92.6, 95, 10, 36.667
1000, 1082, 2021-12-26, 18:03:01, 24.2, 24.5, 33.4, 94.2, 95, 10, 31.667
1000, 1083, 2021-12-26, 18:04:01, 24.2, 24.4, 32.6, 94.4, 95, 9, 27.5
1000, 1084, 2021-12-26, 18:05:03, ?, 24.3, 34.3, ?, 95, 10, 23.333
1000, 1085, 2021-12-26, 18:06:01, 24.3, 24.5, 34.2, 91.8, 95, 10, 19.583
1000, 1086, 2021-12-26, 18:07:01, 24.4, 24.7, 35.9, 91.4, 95, 10, 16.667
1000, 1087, 2021-12-26, 18:08:01, 24.5, 24.7, 38.5, 91.2, 95, 12, 13.75
1000, 1088, 2021-12-26, 18:09:01, 24.4, 24.7, 35.2, 93, 95, 10, 11.25
1000, 1089, 2021-12-26, 18:10:01, 24.4, 24.6, 33.1, 92.9, 95, 10, 4.583
1000, 1090, 2021-12-26, 18:11:03, ?, 24.5, 33.6, ?, 95, 10, 7.917
1000, 1091, 2021-12-26, 18:12:01, 24.3, 24.4, 33.4, 93.4, 95, 10, 6.25
1000, 1092, 2021-12-26, 18:13:01, 24.2, 24.4, 33.1, 94.6, 95, 10, 5.208
1000, 1093, 2021-12-26, 18:14:03, ?, 24.3, 33.6, ?, 95, 10, 4.167
1000, 1094, 2021-12-26, 18:15:01, 24, 24.3, 32.9, 93.3, 95, 9, 3.333
1000, 1095, 2021-12-26, 18:16:01, 24, 24.3, 33.8, 94.4, 95, 10, 2.708
1000, 1096, 2021-12-26, 18:17:03, ?, 24.2, 33.4, ?, 95, 10, 2.083
1000, 1097, 2021-12-26, 18:18:03, ?, 24.1, 33.6, ?, 95, 10, 1.875
1000, 1098, 2021-12-26, 18:19:03, ?, 24.2, 33.6, ?, 95, 10, 1.458
1000, 1099, 2021-12-26, 18:20:03, ?, 24.1, 32.5, ?, 95, 9, 1.25
1000, 1100, 2021-12-26, 18:21:01, 23.8, 24, 32.3, 94.8, 95, 9, 1.042
1000, 1101, 2021-12-26, 18:22:01, 23.8, 24, 33.4, 94.8, 95, 10, 1.042
1000, 1102, 2021-12-26, 18:23:03, ?, 24, 33, ?, 95, 10, 0.833
1000, 1103, 2021-12-26, 18:24:03, ?, 24, 35.4, ?, 95, 10, 0.833
1000, 1104, 2021-12-26, 18:25:01, 23.8, 24, 31.9, 96, 95, 9, 0.833
1000, 1105, 2021-12-26, 18:26:03, ?, 23.9, 34.7, ?, 95, 10, 0.833
1000, 1106, 2021-12-26, 18:27:03, ?, 23.9, 34.3, ?, 95, 10, 0.833
1000, 1107, 2021-12-26, 18:28:03, ?, 23.7, 33.4, ?, 95, 10, 0.625
1000, 1108, 2021-12-26, 18:29:01, 23.5, 23.6, 31.9, 99.2, 95, 9, 0.833
1000, 1109, 2021-12-26, 18:30:01, 23.4, 23.5, 34.2, 97.9, 95, 10, 0.625
1000, 1110, 2021-12-26, 18:31:01, 23.3, 23.5, 31.7, 99.9, 95, 9, 0.625
1000, 1111, 2021-12-26, 18:32:01, 23.3, 23.3, 32.1, 99.6, 95, 9, 0.625
1000, 1112, 2021-12-26, 18:33:01, 23.2, 23.3, 32, 99.9, 95, 9, 0.625
1000, 1113, 2021-12-26, 18:34:01, 23.2, 23.3, 32.9, 98.5, 95, 9, 0.625
1000, 1114, 2021-12-26, 18:35:03, ?, 23.4, 32.4, ?, 95, 9, 0.625
1000, 1115, 2021-12-26, 18:36:01, 23.2, 23.3, 32.9, 99.5, 95, 9, 0.625
1000, 1116, 2021-12-26, 18:37:03, ?, 23.3, 31.5, ?, 95, 9, 0.625
1000, 1117, 2021-12-26, 18:38:03, ?, 23.2, 32.1, ?, 95, 9, 0.625
1000, 1118, 2021-12-26, 18:39:03, ?, 23.1, 31.9, ?, 95, 9, 0.625
1000, 1119, 2021-12-26, 18:40:03, ?, 23, 31.3, ?, 95, 9, 0.625
1000, 1120, 2021-12-26, 18:41:03, ?, 23, 31.6, ?, 95, 9, 0.625
1000, 1121, 2021-12-26, 18:42:01, 22.9, 23, 30.6, 99.9, 95, 8, 0.625
1000, 1122, 2021-12-26, 18:43:03, ?, 23, 32.4, ?, 95, 9, 0.625
1000, 1123, 2021-12-26, 18:44:01, 23.1, 23.2, 33.2, 99.9, 95, 10, 0.625
1000, 1124, 2021-12-26, 18:45:03, ?, 23.2, 33.6, ?, 95, 10, 0.625
1000, 1125, 2021-12-26, 18:46:01, 23, 23.2, 32.1, 99.9, 95, 9, 0.625
1000, 1126, 2021-12-26, 18:47:01, 23, 23.2, 31.5, 99.9, 95, 9, 0.625
1000, 1127, 2021-12-26, 18:48:03, ?, 23.2, 31.1, ?, 95, 9, 0.625
1000, 1128, 2021-12-26, 18:49:01, 22.9, 23.2, 30.1, 99.9, 95, 8, 0.625
1000, 1129, 2021-12-26, 18:50:01, 23.1, 23.4, 30.6, 99.9, 95, 8, 0.625
1000, 1130, 2021-12-26, 18:51:03, ?, 23.5, 32.1, ?, 95, 9, 0.625
1000, 1131, 2021-12-26, 18:52:01, 23.3, 23.5, 32.9, 99.9, 95, 9, 0.625
1000, 1132, 2021-12-26, 18:53:01, 23.3, 23.5, 31.6, 99.9, 95, 9, 0.625
1000, 1133, 2021-12-26, 18:54:03, ?, 23.4, 31.6, ?, 95, 9, 0.625
1000, 1134, 2021-12-26, 18:55:03, ?, 23.3, 31.9, ?, 95, 9, 0.625
1000, 1135, 2021-12-26, 18:56:03, ?, 23.4, 33.2, ?, 95, 10, 0.625
1000, 1136, 2021-12-26, 18:57:03, ?, 23.4, 31.7, ?, 95, 9, 0.625
1000, 1137, 2021-12-26, 18:58:03, ?, 23.5, 32.3, ?, 95, 9, 0.625
1000, 1138, 2021-12-26, 18:59:01, 23.4, 23.6, 31.4, 99.9, 95, 9, 0.625
1000, 1139, 2021-12-26, 19:00:01, 23.4, 23.7, 32, 99.9, 95, 9, 0.625
1000, 1140, 2021-12-26, 19:01:01, 23.4, 23.5, 36.1, 99.9, 95, 11, 0.625
1000, 1141, 2021-12-26, 19:02:03, ?, 23.5, 32.1, ?, 95, 9, 0.625
1000, 1142, 2021-12-26, 19:03:03, ?, 23.5, 31.9, ?, 95, 9, 0.625
1000, 1143, 2021-12-26, 19:04:03, ?, 23.5, 32.1, ?, 95, 9, 0.625
1000, 1144, 2021-12-26, 19:05:03, ?, 23.5, 31.1, ?, 95, 9, 0.625
1000, 1145, 2021-12-26, 19:06:03, ?, 23.5, 32.4, ?, 95, 9, 0.625
1000, 1146, 2021-12-26, 19:07:01, 23.2, 23.4, 32.4, 99.9, 95, 9, 0.625
1000, 1147, 2021-12-26, 19:08:01, 23.2, 23.4, 31.2, 99.9, 95, 10, 0.625
1000, 1148, 2021-12-26, 19:09:03, ?, 23.4, 31.6, ?, 95, 13, 0.625
1000, 1149, 2021-12-26, 19:10:01, 23.1, 23.3, 30.5, 99.9, 95, 8, 0.625
1000, 1150, 2021-12-26, 19:11:01, 23, 23.3, 31.6, 99.9, 95, 23, 0.625
1000, 1151, 2021-12-26, 19:12:01, 23, 23.2, 30.5, 99.9, 95, 29, 0.625
1000, 1152, 2021-12-26, 19:13:01, 22.9, 23.2, 31.2, 99.9, 95, 23, 0.625
1000, 1153, 2021-12-26, 19:14:01, 23, 23.3, 31.1, 99.9, 95, 22, 0.625
1000, 1154, 2021-12-26, 19:15:03, ?, 23.4, 31.9, ?, 95, 23, 0.625
1000, 1155, 2021-12-26, 19:16:03, ?, 23.4, 30.6, ?, 95, 10, 0.625
1000, 1156, 2021-12-26, 19:17:03, ?, 23.4, 30.6, ?, 95, 10, 0.625
1000, 1157, 2021-12-26, 19:18:01, 23.2, 23.5, 30.9, 99.9, 95, 10, 0.625
1000, 1158, 2021-12-26, 19:19:03, ?, 23.4, 30.7, ?, 95, 12, 0.625
1000, 1159, 2021-12-26, 19:20:01, 23.2, 23.5, 31.4, 99.9, 95, 24, 0.625
1000, 1160, 2021-12-26, 19:21:03, ?, 23.4, 32.7, ?, 95, 9, 0.625
1000, 1161, 2021-12-26, 19:22:01, 23.1, 23.3, 32, 99.9, 95, 26, 0.625
1000, 1162, 2021-12-26, 19:23:01, 23.1, 23.3, 31.6, 99.9, 95, 23, 0.625
1000, 1163, 2021-12-26, 19:24:01, 23.2, 23.4, 31.6, 99.9, 95, 9, 0.625
1000, 1164, 2021-12-26, 19:25:03, ?, 23.4, 32.5, ?, 95, 9, 0.625
1000, 1165, 2021-12-26, 19:26:01, 23.1, 23.4, 32.3, 99.9, 95, 9, 0.625
1000, 1166, 2021-12-26, 19:27:01, 23, 23.2, 30.5, 99.9, 95, 8, 0.625
1000, 1167, 2021-12-26, 19:28:01, 23, 23.1, 31.3, 99.9, 95, 9, 0.625
1000, 1168, 2021-12-26, 19:29:03, ?, 23, 30.8, ?, 95, 8, 0.625
1000, 1169, 2021-12-26, 19:30:03, ?, 23.2, 33, ?, 95, 10, 0.625
1000, 1170, 2021-12-26, 19:31:03, ?, 23.1, 32.1, ?, 95, 9, 0.625
1000, 1171, 2021-12-26, 19:32:03, ?, 23.2, 29.7, ?, 95, 8, 0.625
1000, 1172, 2021-12-26, 19:33:03, ?, 23.1, 30.4, ?, 95, 8, 0.625
1000, 1173, 2021-12-26, 19:34:01, 22.9, 23, 32.9, 99.9, 95, 9, 0.625
1000, 1174, 2021-12-26, 19:35:01, 23.1, 23.3, 31.6, 99.9, 95, 9, 0.625
1000, 1175, 2021-12-26, 19:36:03, ?, 23.5, 30.5, ?, 95, 8, 0.625
1000, 1176, 2021-12-26, 19:37:01, 23.2, 23.6, 30.8, 99.9, 95, 8, 0.625
1000, 1177, 2021-12-26, 19:38:01, 23.2, 23.6, 29.9, 99.9, 95, 8, 0.625
1000, 1178, 2021-12-26, 19:39:01, 23.2, 23.6, 32.2, 99.9, 95, 9, 0.625
1000, 1179, 2021-12-26, 19:40:01, 23.1, 23.5, 31.4, 99.9, 95, 9, 0.625
1000, 1180, 2021-12-26, 19:41:03, ?, 23.3, 32.4, ?, 95, 9, 0.625
1000, 1181, 2021-12-26, 19:42:01, 22.9, 23.2, 31.7, 99.9, 95, 9, 0.625
1000, 1182, 2021-12-26, 19:43:03, ?, 23, 30.9, ?, 95, 8, 0.625
1000, 1183, 2021-12-26, 19:44:01, 22.8, 23, 30.6, 99.9, 95, 8, 0.625
1000, 1184, 2021-12-26, 19:45:01, 22.7, 22.9, 30.2, 99.9, 95, 8, 0.625
1000, 1185, 2021-12-26, 19:46:03, ?, 22.9, 29.5, ?, 95, 8, 0.625
1000, 1186, 2021-12-26, 19:47:03, ?, 22.9, 29, ?, 95, 8, 0.625
1000, 1187, 2021-12-26, 19:48:03, ?, 22.8, 29.8, ?, 95, 8, 0.625
1000, 1188, 2021-12-26, 19:49:03, ?, 22.8, 30.8, ?, 95, 8, 0.625
1000, 1189, 2021-12-26, 19:50:03, ?, 22.7, 30.2, ?, 95, 8, 0.625
1000, 1190, 2021-12-26, 19:51:01, 22.6, 22.7, 29.5, 99.9, 95, 8, 0.625
1000, 1191, 2021-12-26, 19:52:03, ?, 22.9, 29.6, ?, 95, 8, 0.625
1000, 1192, 2021-12-26, 19:53:03, ?, 22.9, 29.6, ?, 95, 8, 0.625
1000, 1193, 2021-12-26, 19:54:01, 22.8, 22.9, 30.4, 99.9, 95, 8, 0.625
1000, 1194, 2021-12-26, 19:55:03, ?, 22.9, 30.1, ?, 95, 8, 0.625
1000, 1195, 2021-12-26, 19:56:03, ?, 22.8, 30.1, ?, 95, 8, 0.625
1000, 1196, 2021-12-26, 19:57:01, 22.5, 22.7, 28.7, 99.9, 95, 7, 0.625
1000, 1197, 2021-12-26, 19:58:01, 22.5, 22.7, 28.9, 99.9, 95, 7, 0.625
1000, 1198, 2021-12-26, 19:59:01, 22.4, 22.6, 30.3, 99.9, 95, 8, 0.625
1000, 1199, 2021-12-26, 20:00:03, ?, 22.5, 28.9, ?, 95, 7, 0.625
1000, 1200, 2021-12-26, 20:01:03, ?, 22.5, 28.9, ?, 95, 7, 0.625
1000, 1201, 2021-12-26, 20:02:01, 22.3, 22.5, 29.6, 99.9, 95, 8, 0.625
1000, 1202, 2021-12-26, 20:03:01, 22.3, 22.5, 30.1, 99.9, 95, 8, 0.625
1000, 1203, 2021-12-26, 20:04:01, 22.3, 22.5, 31.5, 99.9, 95, 9, 0.625
1000, 1204, 2021-12-26, 20:05:01, 22.4, 22.6, 31, 99.9, 95, 9, 0.625
1000, 1205, 2021-12-26, 20:06:03, ?, 22.8, 31.9, ?, 95, 9, 0.625
1000, 1206, 2021-12-26, 20:07:03, ?, 22.8, 31.1, ?, 95, 9, 0.625
1000, 1207, 2021-12-26, 20:08:01, 22.5, 22.8, 30.3, 99.9, 95, 8, 0.625
1000, 1208, 2021-12-26, 20:09:01, 22.5, 22.8, 30.7, 99.9, 95, 8, 0.625
1000, 1209, 2021-12-26, 20:10:01, 22.6, 22.8, 30.7, 99.9, 95, 8, 0.625
1000, 1210, 2021-12-26, 20:11:03, ?, 22.9, 32, ?, 95, 9, 0.625
1000, 1211, 2021-12-26, 20:12:01, 22.6, 22.8, 29.9, 99.9, 95, 8, 0.625
1000, 1212, 2021-12-26, 20:13:01, 22.6, 22.8, 30, 99.9, 95, 8, 0.625
1000, 1213, 2021-12-26, 20:14:03, ?, 22.7, 30.1, ?, 95, 8, 0.625
1000, 1214, 2021-12-26, 20:15:03, ?, 22.8, 30.5, ?, 95, 8, 0.625
1000, 1215, 2021-12-26, 20:16:01, 22.6, 22.8, 30.7, 99.9, 95, 8, 0.625
1000, 1216, 2021-12-26, 20:17:03, ?, 22.8, 31.4, ?, 95, 9, 0.625
1000, 1217, 2021-12-26, 20:18:01, 22.6, 22.8, 29.9, 99.9, 95, 8, 0.625
1000, 1218, 2021-12-26, 20:19:03, ?, 22.8, 30.1, ?, 95, 8, 0.625
1000, 1219, 2021-12-26, 20:20:03, ?, 22.8, 30.3, ?, 95, 8, 0.625
1000, 1220, 2021-12-26, 20:21:01, 22.6, 22.8, 29, 99.9, 95, 8, 0.625
1000, 1221, 2021-12-26, 20:22:03, ?, 22.8, 29.1, ?, 95, 8, 0.625
1000, 1222, 2021-12-26, 20:23:03, ?, 22.7, 30.8, ?, 95, 8, 0.625
1000, 1223, 2021-12-26, 20:24:03, ?, 22.7, 30.1, ?, 95, 8, 0.625
1000, 1224, 2021-12-26, 20:25:03, ?, 22.7, 29.2, ?, 95, 8, 0.625
1000, 1225, 2021-12-26, 20:26:03, ?, 22.7, 29, ?, 95, 8, 0.625
1000, 1226, 2021-12-26, 20:27:01, 22.4, 22.6, 30.9, 99.9, 95, 8, 0.625
1000, 1227, 2021-12-26, 20:28:03, ?, 22.6, 29.9, ?, 95, 8, 0.625
1000, 1228, 2021-12-26, 20:29:03, ?, 22.7, 29.8, ?, 95, 8, 0.625
1000, 1229, 2021-12-26, 20:30:01, 22.6, 22.9, 31.6, 99.9, 95, 9, 0.625
1000, 1230, 2021-12-26, 20:31:03, ?, 23, 29.6, ?, 95, 8, 0.625
1000, 1231, 2021-12-26, 20:32:03, ?, 23.2, 30, ?, 95, 8, 0.625
1000, 1232, 2021-12-26, 20:33:01, 22.8, 23.2, 30.7, 99.9, 95, 8, 0.625
1000, 1233, 2021-12-26, 20:34:01, 22.8, 23.1, 29.3, 99.9, 95, 8, 0.625
1000, 1234, 2021-12-26, 20:35:01, 22.8, 23.2, 29.1, 99.9, 95, 8, 0.625
1000, 1235, 2021-12-26, 20:36:01, 22.8, 23.1, 28.6, 99.9, 95, 7, 0.625
1000, 1236, 2021-12-26, 20:37:03, ?, 23, 28.3, ?, 95, 7, 0.625
1000, 1237, 2021-12-26, 20:38:03, ?, 22.9, 29.2, ?, 95, 8, 0.625
1000, 1238, 2021-12-26, 20:39:03, ?, 23, 28.2, ?, 95, 7, 0.625
1000, 1239, 2021-12-26, 20:40:03, ?, 22.9, 29.2, ?, 95, 8, 0.625
1000, 1240, 2021-12-26, 20:41:03, ?, 22.9, 30.1, ?, 95, 8, 0.625
1000, 1241, 2021-12-26, 20:42:03, ?, 22.9, 32.6, ?, 95, 9, 0.625
1000, 1242, 2021-12-26, 20:43:03, ?, 22.8, 31.2, ?, 95, 9, 0.625
1000, 1243, 2021-12-26, 20:44:03, ?, 22.7, 30, ?, 95, 8, 0.625
1000, 1244, 2021-12-26, 20:45:01, 22.4, 22.7, 29.6, 99.9, 95, 8, 0.625
1000, 1245, 2021-12-26, 20:46:03, ?, 22.5, 31.9, ?, 95, 9, 0.625
1000, 1246, 2021-12-26, 20:47:01, 22.3, 22.5, 29.9, 99.9, 95, 8, 0.625
1000, 1247, 2021-12-26, 20:48:03, ?, 22.5, 29.3, ?, 95, 8, 0.625
1000, 1248, 2021-12-26, 20:49:03, ?, 22.4, 27.2, ?, 95, 6, 0.625
1000, 1249, 2021-12-26, 20:50:03, ?, 22.4, 27.5, ?, 95, 6, 0.625
1000, 1250, 2021-12-26, 20:51:01, 22.2, 22.5, 28.2, 99.9, 95, 7, 0.625
1000, 1251, 2021-12-26, 20:52:03, ?, 22.5, 29, ?, 95, 8, 0.625
1000, 1252, 2021-12-26, 20:53:03, ?, 22.6, 29.4, ?, 95, 8, 0.625
1000, 1253, 2021-12-26, 20:54:01, 22.5, 22.7, 27.9, 99.9, 95, 6, 0.625
1000, 1254, 2021-12-26, 20:55:01, 22.5, 22.8, 27.6, 99.9, 95, 6, 0.625
1000, 1255, 2021-12-26, 20:56:01, 22.5, 22.8, 27.8, 99.9, 95, 6, 0.625
1000, 1256, 2021-12-26, 20:57:03, ?, 22.6, 28.4, ?, 95, 7, 0.625
1000, 1257, 2021-12-26, 20:58:01, 22.4, 22.6, 28.5, 99.9, 95, 7, 0.625
1000, 1258, 2021-12-26, 20:59:01, 22.3, 22.6, 28.5, 99.9, 95, 7, 0.625
1000, 1259, 2021-12-26, 21:00:01, 22.3, 22.6, 28.9, 99.9, 95, 7, 0.625
1000, 1260, 2021-12-26, 21:01:03, ?, 22.5, 29.3, ?, 95, 8, 0.625
1000, 1261, 2021-12-26, 21:02:01, 22.2, 22.5, 28.5, 99.9, 95, 7, 0.625
1000, 1262, 2021-12-26, 21:03:03, ?, 22.5, 27.5, ?, 95, 6, 0.625
1000, 1263, 2021-12-26, 21:04:01, 22.3, 22.5, 28.1, 99.9, 95, 7, 0.625
1000, 1264, 2021-12-26, 21:05:01, 22.3, 22.5, 28.4, 99.9, 95, 7, 0.625
1000, 1265, 2021-12-26, 21:06:01, 22.2, 22.4, 28.2, 99.9, 95, 7, 0.625
1000, 1266, 2021-12-26, 21:07:03, ?, 22.3, 28.4, ?, 95, 7, 0.625
1000, 1267, 2021-12-26, 21:08:01, 22.1, 22.4, 28.5, 99.9, 95, 7, 0.625
1000, 1268, 2021-12-26, 21:09:01, 22, 22.3, 28.9, 99.9, 95, 7, 0.625
1000, 1269, 2021-12-26, 21:10:01, 22, 22.2, 29.6, 99.9, 95, 8, 0.625
1000, 1270, 2021-12-26, 21:11:01, 22, 22.2, 30.4, 99.9, 95, 8, 0.625
1000, 1271, 2021-12-26, 21:12:03, ?, 22.2, 29.9, ?, 95, 8, 0.625
1000, 1272, 2021-12-26, 21:13:03, ?, 22.3, 28.5, ?, 95, 7, 0.625
1000, 1273, 2021-12-26, 21:14:01, 22.1, 22.4, 28.4, 99.9, 95, 7, 0.625
1000, 1274, 2021-12-26, 21:15:03, ?, 22.4, 29.6, ?, 95, 8, 0.625
1000, 1275, 2021-12-26, 21:16:03, ?, 22.6, 33.6, ?, 95, 10, 0.625
1000, 1276, 2021-12-26, 21:17:03, ?, 22.5, 33.1, ?, 95, 10, 0.625
1000, 1277, 2021-12-26, 21:18:03, ?, 22.5, 30.2, ?, 95, 8, 0.625
1000, 1278, 2021-12-26, 21:19:03, ?, 22.4, 30.3, ?, 95, 8, 0.625
1000, 1279, 2021-12-26, 21:20:03, ?, 22.4, 29.9, ?, 95, 8, 0.625
1000, 1280, 2021-12-26, 21:21:01, 22, 22.3, 29.2, 99.9, 95, 8, 0.625
1000, 1281, 2021-12-26, 21:22:03, ?, 22.1, 28.8, ?, 95, 7, 0.625
1000, 1282, 2021-12-26, 21:23:03, ?, 22.1, 27.8, ?, 95, 6, 0.625
1000, 1283, 2021-12-26, 21:24:01, 21.7, 22, 27.9, 99.9, 95, 6, 0.625
1000, 1284, 2021-12-26, 21:25:03, ?, 21.9, 28.5, ?, 94, 7, 0.625
1000, 1285, 2021-12-26, 21:26:01, 21.5, 21.9, 28.1, 99.9, 94, 31, 0.625
1000, 1286, 2021-12-26, 21:27:03, ?, 21.7, 26.8, ?, 94, 6, 0.625
1000, 1287, 2021-12-26, 21:28:03, ?, 21.6, 27.4, ?, 94, 6, 0.625
1000, 1288, 2021-12-26, 21:29:01, 21.5, 21.6, 27.1, 99.9, 94, 6, 0.625
1000, 1289, 2021-12-26, 21:30:03, ?, 21.6, 27.5, ?, 94, 6, 0.625
1000, 1290, 2021-12-26, 21:31:03, ?, 21.5, 26.7, ?, 94, 26, 0.625
1000, 1291, 2021-12-26, 21:32:03, ?, 21.4, 27.5, ?, 94, 6, 0.625
1000, 1292, 2021-12-26, 21:33:03, ?, 21.6, 28.4, ?, 94, 18, 0.625
1000, 1293, 2021-12-26, 21:34:03, ?, 21.9, 28, ?, 94, 7, 0.625
1000, 1294, 2021-12-26, 21:35:01, 21.8, 22.1, 28.3, 99.9, 95, 7, 0.625
1000, 1295, 2021-12-26, 21:36:01, 21.9, 22.2, 28.9, 99.9, 95, 7, 0.625
1000, 1296, 2021-12-26, 21:37:01, 21.9, 22.2, 29.1, 99.9, 95, 8, 0.625
1000, 1297, 2021-12-26, 21:38:03, ?, 22.2, 30.5, ?, 95, 8, 0.625
1000, 1298, 2021-12-26, 21:39:01, 21.8, 22.1, 29.1, 99.9, 95, 8, 0.625
1000, 1299, 2021-12-26, 21:40:03, ?, 22.1, 29.7, ?, 95, 8, 0.625
1000, 1300, 2021-12-26, 21:41:01, 21.9, 22.2, 28.2, 99.9, 95, 7, 0.625
1000, 1301, 2021-12-26, 21:42:01, 21.9, 22.2, 30, 99.9, 95, 8, 0.625
1000, 1302, 2021-12-26, 21:43:01, 22, 22.3, 29.3, 99.9, 95, 8, 0.625
1000, 1303, 2021-12-26, 21:44:01, 22.1, 22.4, 29.9, 99.9, 95, 8, 0.625
1000, 1304, 2021-12-26, 21:45:01, 22.2, 22.6, 29.5, 99.9, 95, 8, 0.625
1000, 1305, 2021-12-26, 21:46:01, 22.2, 22.5, 29.1, 99.9, 95, 8, 0.625
1000, 1306, 2021-12-26, 21:47:01, 22.2, 22.6, 30.4, 99.9, 95, 8, 0.625
1000, 1307, 2021-12-26, 21:48:03, ?, 22.6, 29.7, ?, 95, 8, 0.625
1000, 1308, 2021-12-26, 21:49:03, ?, 22.6, 29.5, ?, 95, 8, 0.625
1000, 1309, 2021-12-26, 21:50:03, ?, 22.6, 29.4, ?, 95, 8, 0.625
1000, 1310, 2021-12-26, 21:51:01, 22.1, 22.6, 29.5, 99.9, 95, 8, 0.625
1000, 1311, 2021-12-26, 21:52:03, ?, 22.4, 28.1, ?, 95, 7, 0.625
1000, 1312, 2021-12-26, 21:53:01, 22.2, 22.4, 28.5, 99.9, 95, 7, 0.625
1000, 1313, 2021-12-26, 21:54:01, 22.2, 22.4, 27.7, 99.9, 95, 6, 0.625
1000, 1314, 2021-12-26, 21:55:03, ?, 22.6, 28, ?, 95, 7, 0.625
1000, 1315, 2021-12-26, 21:56:01, 22.3, 22.6, 28.4, 99.9, 95, 7, 0.625
1000, 1316, 2021-12-26, 21:57:03, ?, 22.6, 28.3, ?, 95, 7, 0.625
1000, 1317, 2021-12-26, 21:58:03, ?, 22.6, 28.3, ?, 95, 7, 0.625
1000, 1318, 2021-12-26, 21:59:03, ?, 22.6, 30.9, ?, 95, 8, 0.625
1000, 1319, 2021-12-26, 22:00:01, 22.2, 22.6, 30.2, 99.9, 95, 8, 0.625
1000, 1320, 2021-12-26, 22:01:03, ?, 22.6, 29.1, ?, 95, 8, 0.625
1000, 1321, 2021-12-26, 22:02:01, 22.3, 22.5, 29, 99.9, 95, 8, 0.625
1000, 1322, 2021-12-26, 22:03:03, ?, 22.6, 29.1, ?, 95, 8, 0.625
1000, 1323, 2021-12-26, 22:04:01, 22.3, 22.5, 28.7, 99.9, 95, 7, 0.625
1000, 1324, 2021-12-26, 22:05:01, 22.2, 22.4, 27.6, 99.9, 95, 6, 0.625
1000, 1325, 2021-12-26, 22:06:03, ?, 22.4, 30.3, ?, 95, 8, 0.625
1000, 1326, 2021-12-26, 22:07:03, ?, 22.4, 27.9, ?, 95, 6, 0.625
1000, 1327, 2021-12-26, 22:08:01, 22, 22.3, 27.3, 99.9, 95, 6, 0.625
1000, 1328, 2021-12-26, 22:09:01, 22, 22.3, 26.7, 99.9, 95, 6, 0.625
1000, 1329, 2021-12-26, 22:10:03, ?, 22.3, 28.4, ?, 95, 7, 0.625
1000, 1330, 2021-12-26, 22:11:01, 22.1, 22.3, 29.2, 99.9, 95, 8, 0.625
1000, 1331, 2021-12-26, 22:12:03, ?, 22.3, 29, ?, 95, 8, 0.625
1000, 1332, 2021-12-26, 22:13:03, ?, 22.3, 29.2, ?, 95, 8, 0.625
1000, 1333, 2021-12-26, 22:14:03, ?, 22.3, 28.4, ?, 95, 7, 0.625
1000, 1334, 2021-12-26, 22:15:01, 22.1, 22.4, 27.7, 99.9, 95, 6, 0.625
1000, 1335, 2021-12-26, 22:16:01, 22.1, 22.4, 28.2, 99.9, 95, 7, 0.625
1000, 1336, 2021-12-26, 22:17:01, 22.1, 22.4, 27.8, 99.9, 95, 6, 0.625
1000, 1337, 2021-12-26, 22:18:01, 22.1, 22.4, 27.7, 99.9, 95, 6, 0.625
1000, 1338, 2021-12-26, 22:19:01, 22.1, 22.4, 27.9, 99.9, 95, 6, 0.625
1000, 1339, 2021-12-26, 22:20:04, ?, 22.3, 28.4, ?, 95, 7, 0.625
1000, 1340, 2021-12-26, 22:21:01, 22.1, 22.3, 28.3, 99.9, 95, 7, 0.625
1000, 1341, 2021-12-26, 22:22:03, ?, 22.3, 28.6, ?, 95, 7, 0.625
1000, 1342, 2021-12-26, 22:23:01, 22, 22.3, 27.5, 99.9, 95, 6, 0.625
1000, 1343, 2021-12-26, 22:24:03, ?, 22.3, 27.2, ?, 95, 6, 0.625
1000, 1344, 2021-12-26, 22:25:01, 22, 22.3, 27, 99.9, 95, 6, 0.625
1000, 1345, 2021-12-26, 22:26:03, ?, 22.5, 28.2, ?, 95, 7, 0.625
1000, 1346, 2021-12-26, 22:27:03, ?, 22.4, 30.1, ?, 95, 8, 0.625
1000, 1347, 2021-12-26, 22:28:01, 22.1, 22.5, 29.1, 99.9, 95, 8, 0.625
1000, 1348, 2021-12-26, 22:29:01, 22, 22.4, 28.8, 99.9, 95, 7, 0.625
1000, 1349, 2021-12-26, 22:30:01, 22, 22.4, 29, 99.9, 95, 8, 0.625
1000, 1350, 2021-12-26, 22:31:03, ?, 22.3, 27.7, ?, 95, 6, 0.625
1000, 1351, 2021-12-26, 22:32:03, ?, 22.2, 27.7, ?, 95, 6, 0.625
1000, 1352, 2021-12-26, 22:33:03, ?, 22.1, 27.9, ?, 95, 6, 0.625
1000, 1353, 2021-12-26, 22:34:03, ?, 22.1, 27.9, ?, 95, 6, 0.625
1000, 1354, 2021-12-26, 22:35:03, ?, 22.1, 27.6, ?, 95, 6, 0.625
1000, 1355, 2021-12-26, 22:36:03, ?, 22.1, 27.6, ?, 95, 6, 0.625
1000, 1356, 2021-12-26, 22:37:01, 21.8, 22.1, 30.1, 99.9, 95, 8, 0.625
1000, 1357, 2021-12-26, 22:38:03, ?, 22, 28.1, ?, 95, 7, 0.625
1000, 1358, 2021-12-26, 22:39:01, 21.7, 22, 27.7, 99.9, 95, 6, 0.625
1000, 1359, 2021-12-26, 22:40:01, 21.6, 21.9, 27.6, 99.9, 94, 6, 0.625
1000, 1360, 2021-12-26, 22:41:01, 21.6, 21.9, 27.1, 99.9, 94, 6, 0.625
1000, 1361, 2021-12-26, 22:42:01, 21.6, 21.9, 27.1, 99.9, 94, 6, 0.625
1000, 1362, 2021-12-26, 22:43:03, ?, 21.8, 27.4, ?, 94, 6, 0.625
1000, 1363, 2021-12-26, 22:44:01, 21.6, 21.7, 27.8, 99.9, 94, 6, 0.625
1000, 1364, 2021-12-26, 22:45:01, 21.6, 21.7, 27.2, 99.9, 94, 6, 0.625
1000, 1365, 2021-12-26, 22:46:01, 21.5, 21.7, 28.9, 99.9, 94, 7, 0.625
1000, 1366, 2021-12-26, 22:47:01, 21.6, 21.7, 27.8, 99.9, 94, 6, 0.625
1000, 1367, 2021-12-26, 22:48:01, 21.6, 21.8, 27.6, 99.9, 94, 6, 0.625
1000, 1368, 2021-12-26, 22:49:01, 21.7, 21.9, 29.3, 99.9, 94, 8, 0.625
1000, 1369, 2021-12-26, 22:50:03, ?, 22, 29.2, ?, 95, 8, 0.625
1000, 1370, 2021-12-26, 22:51:04, ?, 22, 29.4, ?, 95, 8, 0.625
1000, 1371, 2021-12-26, 22:52:01, 21.6, 22, 29.6, 99.9, 95, 8, 0.625
1000, 1372, 2021-12-26, 22:53:03, ?, 22.1, 28.5, ?, 95, 7, 0.625
1000, 1373, 2021-12-26, 22:54:03, ?, 22.1, 29, ?, 95, 8, 0.625
1000, 1374, 2021-12-26, 22:55:01, 21.7, 22.1, 30.1, 99.9, 95, 8, 0.625
1000, 1375, 2021-12-26, 22:56:01, 21.8, 22.1, 28.6, 99.9, 95, 7, 0.625
1000, 1376, 2021-12-26, 22:57:01, 21.8, 22.2, 28.7, 99.9, 95, 7, 0.625
1000, 1377, 2021-12-26, 22:58:03, ?, 22.1, 29, ?, 95, 8, 0.625
1000, 1378, 2021-12-26, 22:59:01, 21.8, 22.1, 28.3, 99.9, 95, 7, 0.625
1000, 1379, 2021-12-26, 23:00:03, ?, 22, 27.8, ?, 95, 6, 0.625
1000, 1380, 2021-12-26, 23:01:01, 21.7, 21.9, 30.6, 99.9, 94, 8, 0.625
1000, 1381, 2021-12-26, 23:02:01, 21.5, 21.8, 28.4, 99.9, 94, 7, 0.625
1000, 1382, 2021-12-26, 23:03:01, 21.4, 21.7, 28.9, 99.9, 94, 7, 0.625
1000, 1383, 2021-12-26, 23:04:03, ?, 21.6, 27.6, ?, 94, 6, 0.625
1000, 1384, 2021-12-26, 23:05:05, ?, 21.4, 25.5, ?, 94, 5, 0.625
1000, 1385, 2021-12-26, 23:06:03, ?, 21.4, 26.8, ?, 94, 6, 0.625
1000, 1386, 2021-12-26, 23:07:01, 21.1, 21.4, 26.3, 99.9, 94, 6, 0.625
1000, 1387, 2021-12-26, 23:08:03, ?, 21.4, 26.5, ?, 94, 10, 0.625
1000, 1388, 2021-12-26, 23:09:01, 21, 21.3, 27.2, 99.9, 94, 30, 0.625
1000, 1389, 2021-12-26, 23:10:03, ?, 21, 26.9, ?, 94, 6, 0.625
1000, 1390, 2021-12-26, 23:11:03, ?, 21.1, 26.7, ?, 94, 6, 0.625
1000, 1391, 2021-12-26, 23:12:03, ?, 21.2, 26.2, ?, 94, 6, 0.625
1000, 1392, 2021-12-26, 23:13:01, 21, 21.1, 26.2, 99.9, 94, 6, 0.625
1000, 1393, 2021-12-26, 23:14:03, ?, 21.1, 25.7, ?, 94, 5, 0.625
1000, 1394, 2021-12-26, 23:15:03, ?, 21, 26.1, ?, 94, 6, 0.625
1000, 1395, 2021-12-26, 23:16:03, ?, 21.2, 26.2, ?, 94, 6, 0.625
1000, 1396, 2021-12-26, 23:17:03, ?, 21.4, 26.1, ?, 94, 6, 0.625
1000, 1397, 2021-12-26, 23:18:03, ?, 21.5, 27.1, ?, 94, 6, 0.625
1000, 1398, 2021-12-26, 23:19:01, 21.5, 21.6, 28.1, 99.9, 94, 7, 0.625
1000, 1399, 2021-12-26, 23:20:03, ?, 21.7, 28, ?, 94, 7, 0.625
1000, 1400, 2021-12-26, 23:21:03, ?, 21.6, 28.2, ?, 94, 7, 0.625
1000, 1401, 2021-12-26, 23:22:01, 21.3, 21.5, 28.6, 99.9, 94, 7, 0.625
1000, 1402, 2021-12-26, 23:23:01, 21.2, 21.4, 26.6, 99.9, 94, 6, 0.625
1000, 1403, 2021-12-26, 23:24:03, ?, 21.4, 26.2, ?, 94, 6, 0.625
1000, 1404, 2021-12-26, 23:25:01, 20.9, 21.2, 26.6, 99.9, 94, 19, 0.625
1000, 1405, 2021-12-26, 23:26:01, 20.9, 21, 26.2, 99.9, 94, 6, 0.625
1000, 1406, 2021-12-26, 23:27:04, ?, 21, 26.2, ?, 94, 6, 0.625
1000, 1407, 2021-12-26, 23:28:03, ?, 20.9, 27, ?, 93, 6, 0.625
1000, 1408, 2021-12-26, 23:29:03, ?, 21.5, 28.5, ?, 94, 7, 0.625
1000, 1409, 2021-12-26, 23:30:01, 21.2, 21.7, 28.9, 99.9, 94, 7, 0.625
1000, 1410, 2021-12-26, 23:31:01, 21.3, 21.6, 27.6, 99.9, 94, 6, 0.625
1000, 1411, 2021-12-26, 23:32:01, 21.3, 21.5, 27, 99.9, 94, 6, 0.625
1000, 1412, 2021-12-26, 23:33:03, ?, 21.4, 27.2, ?, 94, 6, 0.625
1000, 1413, 2021-12-26, 23:34:03, ?, 21.4, 28.2, ?, 94, 7, 0.625
1000, 1414, 2021-12-26, 23:35:03, ?, 21.4, 27.9, ?, 94, 6, 0.625
1000, 1415, 2021-12-26, 23:36:03, ?, 21.3, 27.5, ?, 94, 6, 0.625
1000, 1416, 2021-12-26, 23:37:03, ?, 21.2, 28.1, ?, 94, 7, 0.625
1000, 1417, 2021-12-26, 23:38:03, ?, 21, 26.8, ?, 94, 16, 0.625
1000, 1418, 2021-12-26, 23:39:01, 20.8, 21, 26.9, 99.9, 94, 6, 0.625
1000, 1419, 2021-12-26, 23:40:03, ?, 20.9, 27.9, ?, 93, 6, 0.625
1000, 1420, 2021-12-26, 23:41:01, 20.6, 20.8, 26.1, 99.9, 93, 6, 0.625
1000, 1421, 2021-12-26, 23:42:01, 20.6, 20.7, 26, 99.9, 93, 6, 0.625
1000, 1422, 2021-12-26, 23:43:01, 20.4, 20.6, 26.4, 99.9, 93, 6, 0.625
1000, 1423, 2021-12-26, 23:44:03, ?, 20.6, 28.2, ?, 93, 7, 0.625
1000, 1424, 2021-12-26, 23:45:03, ?, 20.6, 26, ?, 93, 24, 0.625
1000, 1425, 2021-12-26, 23:46:03, ?, 20.5, 25.8, ?, 93, 56, 0.625
1000, 1426, 2021-12-26, 23:47:01, 20.4, 20.4, 25.8, 99.9, 93, 76, 0.625
1000, 1427, 2021-12-26, 23:48:01, 20.4, 20.3, 28.7, 99.9, 93, 95, 0.625
1000, 1428, 2021-12-26, 23:49:01, 20.4, 20.3, 25.8, 99.9, 93, 95, 0.625
1000, 1429, 2021-12-26, 23:50:01, 20.3, 20.4, 26.4, 99.9, 93, 95, 0.625
1000, 1430, 2021-12-26, 23:51:03, ?, 20.3, 27.2, ?, 93, 95, 0.625
1000, 1431, 2021-12-26, 23:52:01, 20.2, 20.2, 24.9, 99.9, 93, 95, 0.625
1000, 1432, 2021-12-26, 23:53:03, ?, 20.2, 25.1, ?, 93, 95, 0.625
1000, 1433, 2021-12-26, 23:54:01, 20.2, 20.3, 26.8, 99.9, 93, 95, 0.625
1000, 1434, 2021-12-26, 23:55:03, ?, 20.2, 27, ?, 93, 95, 0.625
1000, 1435, 2021-12-26, 23:56:03, ?, 20.2, 26.1, ?, 93, 95, 0.625
1000, 1436, 2021-12-26, 23:57:01, 20.1, 20.1, 25.1, 99.9, 93, 95, 0.625
1000, 1437, 2021-12-26, 23:58:03, ?, 20.1, 25.9, ?, 93, 95, 0.625
1000, 1438, 2021-12-26, 23:59:03, ?, 20.1, 26.6, ?, 93, 95, 0.625
