average_internal_temp,average_internal_humidity,light
23.433333333333334,96.3, 1.042
23.3,96.36666666666667, 1.042
23.0,95.0, 1.042
22.599999999999998,96.63333333333333, 1.042
22.9,95.0, 1.042
22.7,96.2, 1.042
,,
,,
29.833333333333332,83.13333333333334, 6999.17
31.066666666666666,85.96666666666665, 15679.6
31.899999999999995,76.53333333333333, 8890.42
29.833333333333332,89.7, 14612.1
36.36666666666667,56.6, 7367.92
27.5,93.36666666666667, 6200.42
33.699999999999996,68.86666666666666, 12019.2
29.3,77.83333333333333, 2979.17
30.900000000000002,70.93333333333334, 2502.08
26.3,88.93333333333334, 911.25
24.6,95.0, 14.167
24.0,95.0, 1.042
23.633333333333336,95.93333333333334, 1.042
22.866666666666664,96.3, 1.042
22.366666666666664,96.63333333333333, 1.042
22.1,94.5, 1.042
21.666666666666668,96.3, 1.042
21.8,94.5, 1.042
21.25,94.0, 1.042
21.233333333333334,95.96666666666665, 1.042
21.3,94.0, 1.042
21.1,93.5, 1.042
21.2,93.5, 177.917
27.9,88.5, 3925.42
33.06666666666667,63.36666666666667, 7495.83
34.46666666666667,51.13333333333333, 11427.5
34.199999999999996,52.699999999999996, 17951.7
33.06666666666666,56.43333333333334, 6266.25
35.7,53.36666666666667, 27306.2
34.266666666666666,55.76666666666667, 18623.3
29.2,73.89999999999999, 5321.67
32.266666666666666,57.699999999999996, 6804.58
28.900000000000002,74.10000000000001, 2915.83
26.7,88.16666666666667, 1092.5
25.0,94.0, 5
23.133333333333336,95.56666666666666, 1.042
22.75,95.0, 1.042
22.1,94.5, 1.042
21.8,94.5, 1.042
22.1,94.5, 1.042
22.1,94.5, 1.042
21.833333333333332,95.93333333333334, 1.042
21.65,94.0, 1.042
21.4,94.0, 1.042
21.0,95.63333333333333, 1.042
21.6,94.0, 1.042
21.7,94.5, 83.75
23.433333333333334,95.33333333333333, 0
27.4,92.5, 7285.42
35.13333333333333,58.300000000000004, 8742.5
34.1,59.0, 16041.2
34.7,58.93333333333334, 27306.2
29.633333333333336,89.8, 10947.5
30.333333333333332,84.93333333333334, 9219.58
32.666666666666664,73.7, 6737.08
33.50000000000001,68.56666666666666, 7692.92
29.53333333333333,81.83333333333333, 2365
27.35,92.5, 1563.75
24.7,96.06666666666666, 6.458
24.0,95.0, 1.042
23.450000000000003,95.0, 1.042
23.0,96.43333333333334, 1.042
22.46666666666667,96.5, 1.042
22.2,94.5, 1.042
21.7,95.93333333333334, 1.042
21.3,95.93333333333334, 1.042
21.0,95.56666666666666, 1.042
20.95,93.5, 1.042
21.15,93.5, 1.042
20.35,93.0, 1.042
20.099999999999998,95.3, 123.75
26.8,92.0, 3506.67
32.56666666666667,67.53333333333333, 7193.75
34.666666666666664,53.166666666666664, 10475.8
36.36666666666667,46.699999999999996, 14357.9
35.76666666666667,48.6, 22792.1
38.733333333333334,43.73333333333333, 26467.1
33.766666666666666,60.0, 9883.33
37.46666666666666,47.93333333333334, 11719.2
35.96666666666667,49.800000000000004, 8783.75
32.333333333333336,61.86666666666667, 3286.25
28.46666666666667,80.16666666666667, 1115.42
25.566666666666666,94.26666666666667, 4.167
24.4,95.0, 1.042
24.166666666666668,95.8, 1.042
23.566666666666666,96.53333333333335, 1.042
23.400000000000002,96.63333333333333, 1.042
23.0,96.63333333333333, 1.042
22.733333333333334,96.63333333333333, 1.042
22.6,95.0, 1.042
22.15,94.5, 1.042
21.9,94.5, 1.042
21.233333333333334,95.96666666666665, 1.042
21.45,94.0, 1.042
21.049999999999997,93.5, 112.5
27.066666666666666,89.93333333333334, 3910
32.333333333333336,61.96666666666667, 5886.25
36.26666666666667,49.23333333333333, 13061.2
35.766666666666666,52.53333333333333, 14989.2
38.699999999999996,43.9, 27306.2
39.6,41.63333333333333, 25729.6
33.333333333333336,62.9, 14391.2
33.6,60.76666666666667, 8490.83
33.9,58.9, 7275
31.166666666666668,73.63333333333334, 3857.08
27.96666666666667,92.23333333333333, 671.667
25.5,95.0, 6.458
24.700000000000003,95.0, 1.042
24.5,95.0, 1.042
24.25,95.0, 1.042
24.366666666666664,96.63333333333333, 1.042
24.15,95.0, 1.042
23.950000000000003,95.0, 1.042
24.35,95.0, 1.042
23.933333333333334,96.63333333333333, 1.042
24.15,95.0, 1.042
23.400000000000002,96.63333333333333, 1.042
22.9,95.0, 1.042
22.733333333333334,96.63333333333333, 62.917
25.700000000000003,95.0, 2609.58
27.933333333333334,93.2, 3764.17
31.5,78.13333333333334, 8584.17
32.56666666666666,69.23333333333333, 11761.2
33.833333333333336,63.6, 26404.6
33.73333333333333,61.36666666666667, 15210.4
33.86666666666667,59.833333333333336, 12867.5
31.833333333333332,74.0, 5115
31.099999999999998,76.2, 4606.25
29.0,87.93333333333334, 2817.5
26.8,95.0, 652.5
25.433333333333337,94.8, 1.875
24.65,95.0, 1.042
24.1,95.0, 1.042
23.85,95.0, 1.042
23.566666666666666,96.63333333333333, 1.042
23.766666666666666,96.63333333333333, 1.042
23.549999999999997,95.0, 1.042
22.950000000000003,95.0, 1.042
22.9,95.0, 1.042
22.8,95.0, 1.042
22.7,95.0, 1.042
22.46666666666667,96.63333333333333, 1.042
22.25,94.5, 92.083
26.5,95.0, 2825.83
29.666666666666668,87.03333333333335, 5933.33
33.8,67.43333333333334, 10561.7
,,
,,
,,
37.7,43.5, 0
32.93333333333334,63.03333333333333, 7105.83
30.53333333333333,78.2, 5471.25
29.8,79.5, 3389.58
26.8,95.0, 599.167
25.1,95.0, 5.833
24.6,95.0, 1.042
24.099999999999998,96.63333333333333, 1.042
23.85,95.0, 1.042
24.0,96.63333333333333, 1.042
23.266666666666666,96.63333333333333, 1.042
22.9,95.0, 1.042
22.933333333333334,96.63333333333333, 1.042
22.733333333333334,96.63333333333333, 1.042
22.4,95.0, 1.042
21.833333333333332,96.3, 1.042
21.8,94.5, 1.042
21.366666666666664,95.96666666666665, 120.833
25.55,95.0, 2692.5
31.066666666666663,75.96666666666667, 7044.58
34.13333333333333,56.26666666666667, 10892.1
30.46666666666667,73.43333333333334, 7838.75
33.46666666666667,59.56666666666666, 14178.7
35.333333333333336,56.03333333333333, 21898.8
31.53333333333333,70.13333333333334, 5878.75
,,
,,
,,
,,
,,
,,
,,
,,
,,
,,
,,
,,
,,
,,
,,
,,
,,
,,
,,
,,
,,
,,
,,
,,
,,
,,
,,
,,
,,
,,
,,
,,
,,
,,
,,
,,
,,
,,
,,
,,
,,
,,
,,
,,
,,
,,
,,
,,
,,
,,
,,
,,
,,
,,
,,
,,
,,
,,
,,
,,
,,
,,
,,
,,
,,
,,
,,
34.35,65.0, 0
29.3,88.63333333333333, 6242.92
30.03333333333333,89.63333333333333, 27306.2
27.4,95.0, 5999.58
29.35,88.5, 22004.6
30.75,82.0, -1
32.8,71.5, -1
30.46666666666667,84.63333333333334, -1
28.2,95.3, -1
26.2,96.63333333333333, -1
25.166666666666668,96.63333333333333, -1
25.133333333333336,96.63333333333333, -1
25.35,95.0, -1
24.95,95.0, -1
24.9,95.0, -1
24.8,95.0, -1
24.6,95.0, -1
24.23333333333333,96.63333333333333, -1
24.3,95.0, -1
24.03333333333333,96.63333333333333, -1
23.933333333333334,96.63333333333333, -1
23.53333333333333,96.63333333333333, -1
24.85,95.0, -1
26.633333333333336,92.36666666666667, -1
30.166666666666668,87.3, -1
30.2,92.3, -1
30.133333333333336,90.96666666666665, -1
33.76666666666667,68.33333333333333, -1
36.06666666666666,60.666666666666664, -1
32.266666666666666,74.36666666666666, -1
34.1,66.39999999999999, -1
28.933333333333334,93.26666666666667, -1
27.099999999999998,96.63333333333333, -1
25.53333333333333,96.63333333333333, -1
24.8,95.0, -1
24.25,95.0, -1
24.2,95.0, -1
24.0,95.0, -1
23.549999999999997,95.0, -1
23.8,95.0, -1
23.549999999999997,95.0, -1
23.6,95.0, -1
23.15,95.0, -1
22.65,95.0, -1
22.3,96.63333333333333, -1
22.15,94.5, -1
25.85,95.0, -1
29.049999999999997,93.5, -1
32.4,74.03333333333333, -1
32.849999999999994,70.5, -1
34.300000000000004,69.43333333333334, -1
33.76666666666667,64.23333333333333, -1
36.733333333333334,51.93333333333334, -1
35.43333333333334,55.03333333333333, -1
31.5,72.36666666666666, -1
29.25,89.5, -1
26.633333333333336,96.63333333333333, -1
26.15,95.0, -1
23.599999999999998,96.63333333333333, -2
23.53333333333333,96.63333333333333, -2
23.333333333333332,96.63333333333333, -2
22.8,95.0, -2
22.8,96.63333333333333, -2
22.9,95.0, -2
22.633333333333336,96.63333333333333, -2
22.75,95.0, -2
22.0,94.5, -2
22.03333333333333,96.3, -2
21.75,94.5, -2
21.3,95.96666666666665, -2
24.049999999999997,95.0, -2
27.933333333333334,93.63333333333333, -2
31.599999999999998,77.76666666666667, -2
33.76666666666667,64.89999999999999, -2
33.36666666666667,67.2, -2
34.43333333333333,63.0, -2
32.86666666666667,73.7, -2
31.8,83.8, -2
26.9,95.0, -2
23.450000000000003,95.0, -2
23.35,95.0, -2
23.2,95.0, -2
23.1,95.0, -2
22.8,96.63333333333333, -2
22.7,96.63333333333333, -2
22.8,95.0, -2
22.700000000000003,95.0, -2
22.25,94.5, -2
22.25,94.5, -2
21.96666666666667,96.3, -2
21.7,94.5, -2
21.566666666666666,96.3, -2
21.8,94.5, -2
21.833333333333332,96.3, -2
26.366666666666664,96.63333333333333, -2
32.13333333333333,76.03333333333333, -2
34.03333333333333,62.5, -2
35.96666666666666,55.4, -2
33.166666666666664,69.7, -2
34.1,67.23333333333333, -2
36.03333333333334,70.89999999999999, -2
31.96666666666667,77.53333333333333, -2
25.166666666666668,96.63333333333333, -2
25.766666666666666,96.63333333333333, -2
24.35,95.0, -2
24.2,96.63333333333333, -2
23.9,95.0, -2
22.833333333333332,96.63333333333333, -2
22.65,95.0, -2
21.899999999999995,96.3, -2
21.9,94.5, -2
21.6,94.0, -2
21.35,94.0, -2
21.0,93.5, -2
20.666666666666668,95.63333333333333, -2
20.633333333333336,95.63333333333333, -2
20.4,93.0, -2
20.35,93.0, -2
26.5,95.0, -2
31.5,82.0, -2
32.43333333333333,75.2, -2
35.53333333333334,59.699999999999996, 15361.7
36.06666666666667,53.13333333333333, 26764.2
31.65,68.0, 7328.33
31.599999999999998,67.73333333333333, 7975.83
28.599999999999998,83.16666666666667, 6077.08
31.666666666666668,72.3, 8265.42
28.733333333333334,89.10000000000001, 3123.75
26.049999999999997,95.0, 386.667
24.5,95.0, 2.917
24.5,96.63333333333333, 1.042
24.7,95.0, 1.042
24.6,95.0, 1.042
24.3,95.0, 1.042
23.75,95.0, 1.042
23.3,96.63333333333333, 1.042
22.450000000000003,95.0, 1.042
23.1,95.0, 1.042
23.25,95.0, 1.042
23.9,95.0, 1.042
23.2,96.63333333333333, 1.042
22.0,94.5, 134.167
22.73333333333333,96.63333333333333, 902.083
24.15,95.0, 2080
32.36666666666667,68.06666666666666, 10879.6
36.099999999999994,56.699999999999996, 19401.2
35.233333333333334,58.699999999999996, 27306.2
33.166666666666664,67.7, 6485.83
36.199999999999996,62.6, 22235
30.099999999999998,89.0, 4916.25
32.86666666666667,67.60000000000001, 3200.42
31.46666666666667,71.26666666666667, 3737.5
24.900000000000002,96.63333333333333, 562.917
23.4,95.0, 3.542
23.1,95.0, 1.042
22.566666666666666,96.63333333333333, 1.042
22.4,95.0, 1.042
22.549999999999997,95.0, 1.042
23.049999999999997,95.0, 1.042
22.7,96.63333333333333, 1.042
21.9,94.5, 1.042
21.4,94.0, 1.042
21.299999999999997,93.5, 1.042
21.05,93.5, 1.042
20.833333333333332,95.63333333333333, 1.042
20.950000000000003,93.5, 72.917
22.6,95.0, 1547.08
30.46666666666667,88.76666666666667, 7245
27.3,96.63333333333333, 4379.17
26.75,95.0, 6147.08
33.06666666666667,82.23333333333333, 20555
30.75,90.5, 6644.58
31.96666666666667,76.76666666666667, 10443.3
30.600000000000005,88.3, 5572.92
30.266666666666666,94.10000000000001, 6328.33
26.733333333333334,96.63333333333333, 2645.83
24.6,95.0, 869.583
23.833333333333332,96.63333333333333, 2.5
23.4,95.0, 1.042
23.03333333333333,96.63333333333333, 1.042
23.049999999999997,95.0, 1.042
22.7,96.63333333333333, 1.042
22.25,94.5, 1.042
22.200000000000003,94.5, 1.042
22.066666666666666,96.3, 1.042
22.2,96.3, 1.042
22.05,94.5, 1.042
21.950000000000003,94.5, 1.042
21.450000000000003,94.0, 1.042
21.6,94.5, 114.167
23.15,95.0, 1464.17
32.13333333333333,77.86666666666666, 7445
31.100000000000005,72.76666666666667, 5757.08
34.06666666666667,62.56666666666666, 15834.6
31.100000000000005,77.0, 11426.2
29.900000000000002,87.73333333333333, 6537.08
31.26666666666667,77.76666666666667, 3657.5
32.6,77.89999999999999, 9066.67
26.700000000000003,95.0, 3701.25
32.8,78.0, 8596.25
25.433333333333337,96.63333333333333, 632.083
23.75,95.0, 2.5
23.1,95.0, 1.042
23.133333333333336,96.63333333333333, 1.042
23.0,96.63333333333333, 1.042
22.96666666666667,96.63333333333333, 1.042
22.549999999999997,95.0, 1.042
22.666666666666668,96.63333333333333, 1.042
22.899999999999995,96.63333333333333, 1.042
23.1,95.0, 1.042
22.9,95.0, 1.042
22.833333333333332,96.63333333333333, 1.042
22.400000000000002,96.63333333333333, 1.042
22.75,95.0, 42.5
23.65,95.0, 1959.58
28.0,95.0, 6948.33
27.566666666666666,96.63333333333333, 6637.08
29.066666666666666,91.13333333333333, 8027.5
31.95,79.5, 10360.8
30.8,71.93333333333334, 10798.3
32.13333333333333,66.96666666666667, 12579.6
32.266666666666666,75.03333333333333, 9856.67
30.666666666666668,88.03333333333335, 5907.5
27.333333333333332,96.63333333333333, 3032.08
26.549999999999997,95.0, 1574.58
24.35,95.0, 2.917
23.25,95.0, 1.042
23.0,96.63333333333333, 1.042
22.950000000000003,95.0, 1.042
23.0,96.63333333333333, 1.042
22.833333333333332,96.63333333333333, 1.042
22.5,95.0, 1.042
22.399999999999995,96.63333333333333, 1.042
22.1,94.5, 1.042
21.85,94.5, 1.042
21.7,96.3, 1.042
21.35,94.0, 1.042
21.700000000000003,94.5, 132.083
27.5,95.0, 4777.5
30.666666666666668,85.53333333333335, 7209.17
32.36666666666667,76.43333333333334, 5682.92
34.7,56.53333333333333, 7271.25
35.96666666666667,53.4, 25959.2
35.96666666666667,51.56666666666666, 12418.7
30.733333333333334,82.60000000000001, 5444.17
29.933333333333334,88.7, 1794.17
24.950000000000003,95.0, 560
26.400000000000002,96.63333333333333, 2595.83
26.1,95.0, 629.583
24.4,95.0, 1.458
23.700000000000003,95.0, 1.042
23.5,95.0, 1.042
23.6,95.0, 1.042
23.46666666666667,96.63333333333333, 1.042
23.1,95.0, 1.042
22.599999999999998,96.63333333333333, 1.042
22.833333333333332,96.63333333333333, 1.042
22.53333333333333,96.63333333333333, 1.042
22.6,95.0, 1.042
22.450000000000003,95.0, 1.042
22.6,95.0, 1.042
22.25,94.5, 56.25
23.666666666666668,96.63333333333333, 2231.67
26.433333333333337,96.63333333333333, 4712.5
33.06666666666667,83.60000000000001, 9053.33
35.1,61.26666666666667, 14174.6
35.666666666666664,61.300000000000004, 27306.2
36.46666666666667,54.86666666666667, 19848.8
33.1,68.46666666666667, 13508.7
30.8,81.10000000000001, 6230.42
28.166666666666668,96.63333333333333, 2072.08
27.3,96.63333333333333, 869.167
26.400000000000002,96.63333333333333, 1083.75
24.75,95.0, 2.5
24.46666666666667,96.63333333333333, 1.042
24.05,95.0, 1.042
23.666666666666668,96.63333333333333, 1.042
23.53333333333333,96.63333333333333, 1.042
23.46666666666667,96.63333333333333, 1.042
23.55,95.0, 1.042
23.200000000000003,95.0, 1.042
22.700000000000003,95.0, 1.042
22.333333333333332,96.63333333333333, 1.042
22.5,96.63333333333333, 1.042
22.566666666666666,96.63333333333333, 1.042
22.46666666666667,96.63333333333333, 71.25
23.03333333333333,96.63333333333333, 1211.67
30.066666666666666,91.83333333333333, 5162.92
32.6,75.7, 10412.5
34.43333333333333,67.23333333333333, 15894.2
37.35,55.5, 27306.2
31.5,81.53333333333333, 8252.92
32.666666666666664,86.73333333333333, 20968.8
28.9,95.0, 1037.5
25.15,95.0, 1183.33
26.5,95.0, 2293.33
24.900000000000002,96.63333333333333, 609.583
24.1,95.0, 1.875
24.03333333333333,96.63333333333333, 1.042
23.799999999999997,95.0, 1.042
23.366666666666664,96.63333333333333, 1.042
22.96666666666667,96.63333333333333, 1.042
22.85,95.0, 1.042
22.03333333333333,96.3, 1.042
21.6,94.5, 1.042
21.200000000000003,93.5, 1.042
21.05,93.5, 1.042
20.65,93.5, 1.042
20.400000000000002,95.3, 1.042
20.266666666666666,95.3, 69.167
26.1,95.0, 4025.42
27.833333333333332,96.06666666666666, 3126.25
32.73333333333334,73.46666666666667, 12030
30.5,88.06666666666666, 7936.25
33.76666666666667,71.53333333333333, 24422.1
32.1,73.26666666666667, 9752.92
32.9,76.06666666666666, 8969.17
31.0,90.86666666666667, 7701.67
28.03333333333333,96.63333333333333, 7355.83
28.7,92.8, 4007.08
25.900000000000002,96.63333333333333, 808.333
24.450000000000003,95.0, 3.125
24.3,96.63333333333333, 1.042
23.633333333333336,96.63333333333333, 1.042
23.266666666666666,96.63333333333333, 1.042
23.3,96.63333333333333, 1.042
23.23333333333333,96.63333333333333, 1.042
22.53333333333333,96.63333333333333, 1.042
22.45,95.0, 1.042
22.2,96.3, 1.042
22.23333333333333,96.3, 1.042
22.033333333333335,96.3, 1.042
21.6,94.5, 1.042
21.233333333333334,95.96666666666665, 77.917
25.95,95.0, 3633.33
31.46666666666667,82.83333333333333, 6729.17
33.3,71.93333333333334, 9432.08
34.7,63.63333333333333, 12579.2
32.45,90.5, 25510.8
31.700000000000003,85.5, 8422.5
32.166666666666664,71.93333333333334, 4555.42
32.96666666666666,89.26666666666667, 6758.75
28.7,95.46666666666665, 1845.42
28.233333333333334,96.63333333333333, 2318.75
25.866666666666664,96.63333333333333, 293.75
24.95,95.0, 1.875
24.75,95.0, 1.042
24.299999999999997,95.0, 1.042
24.066666666666666,96.63333333333333, 1.042
23.366666666666664,96.63333333333333, 1.042
23.066666666666666,96.63333333333333, 1.042
23.5,95.0, 1.042
23.400000000000002,96.63333333333333, 1.042
23.23333333333333,96.63333333333333, 1.042
23.35,95.0, 1.042
23.066666666666666,96.63333333333333, 1.042
22.666666666666668,96.63333333333333, 1.042
22.799999999999997,95.0, 45
24.0,95.0, 1680.42
25.9,95.0, 3887.92
27.75,95.0, 4302.92
29.4,95.0, 6428.33
29.166666666666668,96.63333333333333, 8420.42
30.7,92.2, 9267.92
27.950000000000003,95.0, 3862.92
27.8,95.0, 5065
27.333333333333332,96.63333333333333, 4268.75
26.65,95.0, 3000
25.5,95.0, 981.25
23.700000000000003,95.0, 2.5
23.366666666666664,96.63333333333333, 1.042
23.166666666666668,96.63333333333333, 1.042
23.299999999999997,95.0, 1.042
22.96666666666667,96.63333333333333, 1.042
22.833333333333332,96.63333333333333, 1.042
22.9,95.0, 1.042
22.700000000000003,95.0, 1.042
22.75,95.0, 1.042
22.399999999999995,96.63333333333333, 1.042
22.25,94.5, 1.042
22.266666666666666,96.3, 1.042
22.05,94.5, 36.667
23.700000000000003,95.0, 2278.33
26.933333333333337,96.63333333333333, 5503.75
30.666666666666668,93.96666666666665, 9381.67
34.166666666666664,67.43333333333334, 13182.1
32.03333333333333,79.53333333333333, 11012.9
33.5,66.26666666666667, 14140.4
35.266666666666666,70.33333333333333, 18255.8
30.066666666666663,93.0, 4762.5
25.599999999999998,96.63333333333333, 937.917
24.45,95.0, 641.667
24.6,95.0, 689.583
24.0,95.0, 2.708
23.6,95.0, 1.042
23.65,95.0, 1.042
23.13333333333333,96.63333333333333, 1.042
23.5,95.0, 1.042
22.766666666666666,96.63333333333333, 1.042
22.35,94.5, 1.042
21.95,94.5, 1.042
21.9,94.5, 1.042
22.0,96.3, 1.042
21.85,94.5, 1.042
21.8,96.3, 1.042
21.299999999999997,93.5, 53.75
23.5,96.63333333333333, 2773.75
27.4,95.0, 5299.58
33.0,85.0, 10268.3
33.76666666666666,72.66666666666667, 14976.2
35.26666666666666,61.73333333333333, 24023.8
34.599999999999994,57.6, 19465.8
37.7,56.03333333333333, 18207.5
31.833333333333332,75.83333333333333, 6707.08
31.200000000000003,82.76666666666667, 5226.25
26.166666666666668,96.63333333333333, 103.333
23.866666666666664,96.63333333333333, 376.667
22.96666666666667,96.63333333333333, 1.458
22.96666666666667,96.63333333333333, 1.042
22.933333333333334,96.63333333333333, 1.042
23.0,96.63333333333333, 1.042
22.85,95.0, 1.042
22.65,95.0, 1.042
22.566666666666666,96.63333333333333, 1.042
22.26666666666667,96.3, 1.042
22.25,94.5, 1.042
21.75,94.5, 1.042
21.7,96.3, 1.042
21.3,93.5, 1.042
21.15,93.5, 62.5
23.2,95.0, 1880.83
31.366666666666664,83.53333333333333, 7101.25
32.46666666666667,73.26666666666667, 9381.25
34.300000000000004,63.03333333333333, 13705
35.5,61.63333333333333, 23519.2
37.46666666666667,57.1, 23923.3
32.0,85.06666666666666, 6397.5
25.76666666666667,96.63333333333333, 4272.92
26.666666666666668,96.63333333333333, 4597.5
26.833333333333332,96.63333333333333, 3445
24.53333333333333,96.63333333333333, 845
23.266666666666666,96.63333333333333, 2.708
23.0,95.0, 1.042
22.733333333333334,96.63333333333333, 1.042
22.53333333333333,96.63333333333333, 1.042
21.75,94.5, 1.042
21.4,93.5, 1.042
21.05,93.5, 1.042
20.766666666666666,95.63333333333333, 1.042
20.45,93.0, 1.042
20.25,93.0, 1.042
19.933333333333334,95.3, 1.042
20.066666666666666,95.3, 1.042
20.233333333333334,95.3, 60
21.566666666666663,96.3, 1876.67
31.0,81.96666666666667, 5017.5
33.1,69.8, 9229.58
35.233333333333334,56.166666666666664, 14242.1
36.50000000000001,57.03333333333333, 25136.2
33.86666666666667,57.13333333333333, 23237.9
35.6,52.73333333333333, 15062.5
37.15,48.0, 10582.9
32.699999999999996,67.0, 3386.25
31.066666666666666,84.8, 3569.58
27.066666666666666,95.3, 1174.58
24.5,95.0, 3.125
23.433333333333334,96.63333333333333, 1.042
23.03333333333333,96.63333333333333, 1.042
22.733333333333334,96.63333333333333, 1.042
22.75,95.0, 1.042
22.4,95.0, 1.042
22.15,94.5, 1.042
22.0,96.3, 1.042
21.900000000000002,96.3, 1.042
22.200000000000003,94.5, 1.042
22.05,94.5, 1.042
21.85,94.5, 1.042
21.700000000000003,94.5, 40
23.733333333333334,96.63333333333333, 3092.92
28.0,95.60000000000001, 4575.42
32.6,73.06666666666666, 9793.33
34.53333333333334,49.86666666666667, 15578.7
35.03333333333333,53.13333333333333, 23237.5
33.23333333333333,69.06666666666666, 19166.7
26.666666666666668,93.43333333333334, 2225
29.933333333333334,75.93333333333334, 7237.92
28.066666666666663,86.2, 4527.92
25.46666666666667,94.66666666666667, 3105.42
23.65,95.0, 337.917
23.05,95.0, 2.5
22.099999999999998,96.3, 1.042
22.0,96.3, 1.042
21.833333333333332,96.3, 1.042
21.733333333333334,96.3, 1.042
21.65,94.5, 1.042
21.5,96.3, 1.042
21.566666666666663,96.3, 1.042
21.53333333333333,96.3, 1.042
21.65,94.5, 1.042
20.966666666666665,95.63333333333333, 1.042
21.13333333333333,95.63333333333333, 1.042
20.95,93.5, 24.167
22.9,95.0, 2042.92
25.200000000000003,95.0, 4470.42
26.15,95.0, 5317.92
27.46666666666667,96.63333333333333, 6932.5
27.433333333333334,93.3, 7607.08
30.7,82.5, 10658.3
30.950000000000003,76.0, 8764.58
25.900000000000002,96.06666666666666, 4490.42
25.200000000000003,95.0, 2601.25
24.133333333333336,96.63333333333333, 2220
23.0,95.0, 455
21.8,94.5, 2.917
21.400000000000002,95.96666666666665, 1.042
21.433333333333337,96.3, 1.042
21.7,94.5, 1.042
21.65,94.5, 1.042
21.5,96.3, 1.042
21.6,94.5, 1.042
21.2,95.63333333333333, 1.042
20.95,93.5, 1.042
20.733333333333334,95.63333333333333, 1.042
20.8,93.5, 1.042
20.666666666666668,95.63333333333333, 1.042
20.433333333333334,95.63333333333333, 39.167
22.2,96.63333333333333, 1912.08
24.7,96.63333333333333, 3840.42
31.333333333333332,78.60000000000001, 10038.8
29.0,92.0, 6334.17
31.8,73.53333333333333, 9346.25
29.099999999999998,96.10000000000001, 20750
30.833333333333332,88.26666666666667, 5859.58
31.8,83.03333333333333, 10642.1
29.099999999999998,92.63333333333333, 6061.25
27.400000000000002,95.96666666666665, 3186.67
26.233333333333334,96.63333333333333, 1548.75
24.6,95.0, 4.375
23.600000000000005,96.63333333333333, 1.042
23.45,95.0, 1.042
23.25,95.0, 1.042
22.7,96.63333333333333, 1.042
22.7,96.63333333333333, 1.042
22.8,96.63333333333333, 1.042
22.900000000000002,96.63333333333333, 1.042
22.15,94.5, 1.042
22.25,94.5, 1.042
22.65,95.0, 1.042
22.45,95.0, 1.042
22.4,94.5, 47.917
24.15,95.0, 2069.58
25.75,95.0, 2198.75
31.53333333333333,89.3, 10563.8
28.599999999999998,95.13333333333333, 4899.17
30.166666666666668,87.23333333333333, 5692.92
32.199999999999996,77.26666666666667, 11847.1
24.55,95.0, 680
25.0,95.0, 4230.83
26.8,96.63333333333333, 4461.67
26.600000000000005,96.63333333333333, 1552.5
24.65,95.0, 236.25
23.55,95.0, 6.458
23.099999999999998,96.63333333333333, 1.042
23.099999999999998,96.63333333333333, 1.042
23.1,95.0, 1.042
22.95,95.0, 1.042
22.95,95.0, 1.042
22.8,95.0, 1.042
22.75,95.0, 1.042
22.85,95.0, 1.042
22.6,95.0, 1.042
22.5,95.0, 1.042
22.45,94.5, 1.042
22.35,94.5, 42.083
23.15,95.0, 1703.75
23.46666666666667,96.63333333333333, 748.75
25.566666666666666,96.63333333333333, 3407.5
28.8,96.06666666666666, 8568.33
33.56666666666667,65.66666666666667, 17173.3
34.56666666666666,62.63333333333333, 17016.7
33.56666666666667,69.53333333333333, 13312.9
29.566666666666666,96.03333333333335, 10120
29.666666666666668,93.89999999999999, 7180
27.8,95.66666666666667, 3747.5
25.6,95.0, 854.583
,,
,,
,,
,,
,,
,,
,,
,,
,,
,,
,,
,,
,,
,,
,,
,,
,,
,,
,,
,,
,,
,,
,,
,,
,,
,,
,,
,,
,,
,,
,,
,,
,,
,,
,,
,,
,,
,,
,,
,,
,,
,,
,,
,,
,,
,,
,,
,,
,,
,,
,,
,,
,,
,,
,,
,,
,,
,,
,,
,,
,,
,,
,,
,,
,,
,,
,,
,,
,,
,,
,,
,,
,,
,,
,,
,,
,,
,,
,,
,,
,,
,,
,,
,,
,,
,,
,,
,,
,,
,,
,,
,,
,,
,,
,,
,,
,,
,,
,,
,,
,,
,,
,,
,,
,,
,,
,,
,,
20.05,93.0, 0
21.166666666666668,95.96666666666665, 3185.83
28.233333333333334,88.23333333333333, 6002.92
34.1,58.06666666666666, 10202.1
33.93333333333334,53.4, 13671.2
32.16666666666667,69.33333333333333, 24795
32.1,59.666666666666664, 6871.25
32.699999999999996,67.7, 9362.08
30.8,72.06666666666666, 3158.33
27.066666666666666,93.46666666666665, 2793.75
29.450000000000003,76.5, 3212.08
26.733333333333334,90.8, 1307.08
24.65,95.0, 5
25.166666666666668,94.96666666666665, 1.042
23.05,95.0, 1.042
22.05,94.5, 1.042
21.65,94.5, 1.042
21.200000000000003,93.5, 1.042
21.35,93.5, 1.042
21.066666666666666,95.63333333333333, 1.042
20.6,95.63333333333333, 1.042
20.333333333333332,95.3, 1.042
20.2,95.3, 1.042
19.9,93.0, 1.042
19.65,93.0, 28.75
21.366666666666664,96.3, 2903.75
28.85,95.0, 6523.75
28.866666666666664,89.76666666666667, 7818.75
33.7,64.5, 13923.3
32.86666666666667,73.39999999999999, 20222.5
30.400000000000002,82.16666666666667, 8851.25
28.566666666666666,89.43333333333334, 7344.58
29.233333333333334,91.73333333333333, 9665.83
25.3,96.63333333333333, 1440.42
24.133333333333336,96.63333333333333, 1450.42
24.266666666666666,96.63333333333333, 1423.33
23.2,95.0, 5.417
22.799999999999997,95.0, 1.042
22.666666666666668,96.63333333333333, 1.042
22.6,95.0, 1.042
22.65,95.0, 1.042
22.23333333333333,96.3, 1.042
22.2,94.5, 1.042
22.23333333333333,96.3, 1.042
22.1,94.5, 1.042
21.96666666666667,96.3, 1.042
22.15,94.5, 1.042
22.099999999999998,96.3, 1.042
22.099999999999998,96.3, 21.667
22.700000000000003,95.0, 837.083
23.3,95.0, 1372.5
24.25,95.0, 2291.25
24.0,95.0, 2242.5
24.55,95.0, 2123.33
23.566666666666666,96.63333333333333, 1079.58
24.25,95.0, 2057.5
23.45,95.0, 1917.08
25.299999999999997,95.0, 4885
23.366666666666664,96.63333333333333, 1075.42
22.200000000000003,94.5, 439.167
21.833333333333332,96.3, 3.125
21.95,94.5, 1.042
21.96666666666667,96.3, 1.042
21.8,96.3, 1.042
22.0,94.5, 1.042
21.866666666666664,96.3, 1.042
21.85,94.5, 1.042
21.85,94.5, 1.042
21.6,94.5, 1.042
21.433333333333334,96.3, 1.042
21.35,93.5, 1.042
21.45,94.0, 1.042
21.033333333333335,95.63333333333333, 14.583
21.8,96.3, 908.333
24.75,95.0, 5757.08
23.733333333333334,96.63333333333333, 2638.33
25.200000000000003,95.0, 4246.25
29.566666666666666,96.63333333333333, 8685.42
27.166666666666668,96.63333333333333, 7786.67
27.9,95.0, 5053.33
26.900000000000002,96.63333333333333, 3680.83
22.566666666666666,96.63333333333333, 581.667
23.25,95.0, 420
22.933333333333337,96.63333333333333, 198.333
22.4,94.5, 8.958
21.96666666666667,96.3, 1.042
21.9,94.5, 1.042
21.9,94.5, 1.042
22.1,94.5, 1.042
21.866666666666664,96.3, 1.042
21.95,94.5, 1.042
21.85,94.5, 1.042
21.7,96.3, 1.042
21.7,96.3, 1.042
21.8,94.5, 1.042
21.6,94.5, 1.042
21.55,94.5, 41.25
22.45,95.0, 989.583
24.9,95.0, 5415
29.25,95.0, 8897.92
35.35,70.0, 15285.8
28.566666666666663,93.93333333333334, 3978.33
29.533333333333335,96.63333333333333, 11293.8
27.766666666666666,96.63333333333333, 4522.08
26.033333333333335,96.63333333333333, 994.583
23.5,95.0, 1791.67
23.533333333333335,96.63333333333333, 1118.33
23.8,96.63333333333333, 688.75
23.0,95.0, 4.375
22.3,94.5, 1.042
22.05,94.5, 1.042
22.15,94.5, 1.042
22.033333333333335,96.3, 1.042
21.933333333333334,96.3, 1.042
21.75,94.5, 1.042
21.45,94.0, 1.042
21.433333333333334,96.3, 1.042
21.6,94.5, 1.042
21.599999999999998,96.3, 1.042
21.6,94.5, 1.042
21.5,94.5, 24.167
21.933333333333337,96.3, 754.583
23.299999999999997,95.0, 1820
24.633333333333336,96.63333333333333, 4768.75
28.833333333333332,96.63333333333333, 11472.9
33.1,74.16666666666667, 18181.2
34.300000000000004,66.43333333333334, 22580.8
30.033333333333335,91.43333333333334, 9219.17
29.366666666666664,94.03333333333335, 6990.42
29.566666666666666,92.93333333333334, 4972.5
27.400000000000002,96.63333333333333, 3877.92
26.2,96.63333333333333, 1327.5
24.5,96.63333333333333, 7.083
23.6,95.0, 1.042
23.26666666666667,96.63333333333333, 1.042
22.95,95.0, 1.042
22.45,94.5, 1.042
21.733333333333334,96.3, 1.042
21.200000000000003,95.63333333333333, 1.042
20.9,93.5, 1.042
20.5,93.5, 1.042
20.033333333333335,95.3, 1.042
20.0,95.3, 1.042
19.533333333333335,95.3, 1.042
19.25,93.0, 22.5
20.8,95.63333333333333, 1915.42
26.4,95.0, 5752.5
26.63333333333333,96.63333333333333, 5637.08
31.7,83.0, 10953.8
32.666666666666664,72.93333333333334, 13796.7
34.733333333333334,61.9, 19422.1
34.36666666666667,63.76666666666667, 7680
36.266666666666666,56.13333333333333, 12272.9
34.9,64.2, 8874.17
30.433333333333337,83.2, 3832.5
27.35,95.0, 1541.67
24.35,95.0, 10.833
23.7,95.0, 1.042
23.6,95.0, 1.042
23.166666666666668,96.63333333333333, 1.042
22.7,95.0, 1.042
22.266666666666666,96.3, 1.042
21.96666666666667,96.3, 1.042
21.333333333333332,95.63333333333333, 1.042
20.85,86.5, 1.042
20.533333333333335,90.63333333333333, 1.042
19.95,86.0, 1.042
19.55,86.5, 1.042
19.4,90.3, 37.917
21.85,94.5, 2880
24.85,95.0, 3547.08
,,
,,
,,
,,
,,
,,
,,
,,
,,
,,
,,
,,
,,
,,
,,
,,
,,
,,
,,
,,
,,
,,
,,
,,
,,
,,
,,
,,
,,
,,
,,
,,
,,
,,
,,
,,
,,
,,
,,
,,
,,
,,
,,
,,
,,
,,
,,
,,
,,
,,
,,
,,
37.65,36.5, 13653.1
,,
,,
,,
,,
,,
,,
,,
,,
,,
,,
,,
,,
,,
,,
,,
,,
,,
,,
,,
,,
,,
,,
,,
,,
,,
,,
,,
,,
,,
,,
,,
,,
,,
,,
,,
,,
,,
,,
,,
,,
,,
,,
,,
,,
,,
,,
,,
,,
,,
,,
31.45,58.5, 0
26.46666666666667,93.93333333333334, 1121.25
23.65,95.0, 18.333
23.8,96.63333333333333, 1.042
22.55,95.0, 1.042
21.55,94.5, 1.042
21.0,95.63333333333333, 1.042
21.15,93.5, 1.042
20.599999999999998,95.63333333333333, 1.042
20.0,95.3, 1.042
19.95,93.0, 1.042
19.700000000000003,93.0, 1.042
19.5,93.0, 1.042
19.75,93.0, 1.042
19.35,93.0, 9.792
20.533333333333335,95.63333333333333, 860.833
24.95,89.5, 3852.08
24.866666666666664,96.63333333333333, 3933.75
30.233333333333334,87.3, 10000
33.53333333333334,62.96666666666667, 13590.4
32.833333333333336,63.699999999999996, 13122.1
37.1,55.26666666666667, 15374.6
33.5,58.833333333333336, 9322.92
31.400000000000002,77.60000000000001, 5853.75
28.833333333333332,92.56666666666666, 3113.33
27.066666666666666,94.93333333333334, 2134.58
23.599999999999998,96.63333333333333, 31.25
22.4,95.0, 1.042
21.633333333333336,96.3, 1.042
21.05,93.5, 1.042
20.700000000000003,93.5, 1.042
20.15,93.0, 1.042
20.166666666666668,95.3, 1.042
20.0,93.0, 1.042
20.25,93.0, 1.25
20.333333333333332,95.3, 1.042
19.933333333333334,95.3, 1.042
19.833333333333332,95.3, 1.042
19.25,93.0, 20.417
21.15,93.5, 2115
28.066666666666666,96.26666666666667, 5425
30.099999999999998,86.56666666666666, 7502.08
34.46666666666667,59.199999999999996, 11499.6
35.96666666666667,56.26666666666667, 20098.8
37.300000000000004,47.76666666666667, 21281.7
32.5,63.699999999999996, 7082.92
36.56666666666667,49.800000000000004, 8958.33
28.2,87.8, 2632.08
30.133333333333336,87.93333333333334, 3893.33
25.4,95.0, 789.583
23.45,95.0, 19.167
22.3,96.3, 1.042
21.7,94.5, 1.042
21.2,95.63333333333333, 1.042
22.200000000000003,94.5, 1.042
21.400000000000002,95.96666666666665, 1.042
20.7,93.5, 1.042
20.2,95.3, 1.042
19.7,95.3, 1.042
19.6,95.3, 1.042
20.2,95.3, 1.042
19.7,93.0, 1.042
20.0,95.3, 7.917
20.35,93.0, 1160
27.899999999999995,92.56666666666666, 5431.25
30.53333333333333,80.43333333333334, 7532.08
33.13333333333333,56.86666666666667, 12232.1
32.86666666666667,59.63333333333333, 12604.2
32.0,59.300000000000004, 13091.7
35.5,56.6, 15581.2
34.699999999999996,53.833333333333336, 6148.75
31.7,59.63333333333333, 6507.5
27.433333333333334,93.26666666666667, 1414.17
26.85,95.0, 1045.42
24.1,95.0, 20.833
22.066666666666666,96.3, 1.042
21.2,95.63333333333333, 1.042
21.75,94.5, 1.042
20.533333333333335,95.63333333333333, 1.042
20.25,93.0, 1.042
19.5,95.3, 1.042
19.266666666666666,95.3, 1.25
19.05,93.0, 1.042
19.366666666666667,95.3, 1.042
19.2,95.3, 1.042
19.0,93.0, 1.042
18.5,93.0, 6.458
19.766666666666666,95.3, 1472.5
26.666666666666668,96.13333333333333, 4997.92
31.7,67.0, 8937.08
32.96666666666667,59.56666666666666, 10210.8
32.53333333333333,60.13333333333333, 16350.8
32.4,53.06666666666666, 9979.58
36.666666666666664,43.93333333333334, 15801.7
36.833333333333336,46.63333333333333, 9746.67
31.0,63.1, 3832.08
30.96666666666667,62.06666666666666, 3853.75
27.9,95.0, 2110.42
25.26666666666667,96.63333333333333, 14.167
24.366666666666664,96.63333333333333, 1.042
23.866666666666664,96.63333333333333, 1.042
23.2,95.0, 1.042
23.2,95.0, 1.042
22.666666666666668,96.63333333333333, 1.042
21.900000000000002,96.3, 1.25
21.2,95.63333333333333, 1.042
20.866666666666667,95.63333333333333, 1.042
21.0,93.5, 1.042
20.400000000000002,95.3, 1.042
20.2,93.0, 1.042
20.400000000000002,95.63333333333333, 6.25
20.95,93.5, 931.25
24.333333333333332,96.63333333333333, 3661.25
31.8,74.39999999999999, 7671.25
34.333333333333336,61.43333333333334, 10431.2
35.4,48.166666666666664, 20449.6
33.03333333333333,56.13333333333333, 22429.6
32.66666666666667,58.800000000000004, 17099.6
34.03333333333334,50.1, 11015.8
35.3,42.0, 11157.9
28.166666666666668,91.96666666666665, 1911.25
26.433333333333334,92.96666666666665, 1132.5
24.5,96.63333333333333, 24.583
24.0,95.0, 1.042
23.700000000000003,95.0, 1.042
22.65,95.0, 1.042
22.0,94.5, 1.042
21.46666666666667,96.3, 1.042
21.15,93.5, 1.042
20.866666666666667,95.63333333333333, 1.042
20.400000000000002,95.63333333333333, 1.042
20.05,93.0, 1.042
20.466666666666665,95.63333333333333, 1.042
20.6,93.5, 1.042
20.5,93.5, 5.625
21.15,93.5, 1434.58
28.86666666666667,93.60000000000001, 5633.33
31.066666666666663,75.46666666666667, 7753.75
32.33333333333333,72.73333333333333, 10641.7
34.53333333333334,54.23333333333333, 22456.2
33.93333333333333,54.5, 15457.5
33.766666666666666,60.06666666666666, 15823.3
32.63333333333333,60.166666666666664, 6525
29.566666666666663,85.36666666666667, 2785.42
30.933333333333337,85.03333333333333, 3808.33
26.599999999999998,96.63333333333333, 608.75
24.1,95.0, 24.167
22.900000000000002,96.63333333333333, 1.042
22.25,94.5, 1.042
22.233333333333334,96.3, 1.042
21.9,94.5, 1.042
21.9,94.5, 1.042
21.766666666666666,92.03333333333335, 1.042
21.566666666666663,96.3, 1.042
21.1,95.63333333333333, 1.042
21.033333333333335,95.63333333333333, 1.042
20.933333333333334,95.63333333333333, 1.042
20.55,93.5, 1.042
20.299999999999997,93.0, 6.458
21.25,93.5, 1170.83
24.5,96.63333333333333, 3945.83
30.53333333333333,83.03333333333333, 6311.67
32.266666666666666,72.86666666666666, 10910
32.4,68.53333333333333, 16522.5
32.333333333333336,75.33333333333333, 17430
33.6,63.86666666666667, 10477.9
30.099999999999998,89.83333333333333, 4950.42
28.63333333333333,96.63333333333333, 4200.42
29.733333333333334,96.06666666666666, 5818.75
25.7,95.0, 292.5
24.0,96.63333333333333, 3.125
23.45,95.0, 1.042
23.0,96.63333333333333, 1.042
22.75,95.0, 1.042
22.65,95.0, 1.042
22.666666666666668,96.63333333333333, 1.042
22.6,95.0, 1.042
22.366666666666664,96.3, 1.042
21.933333333333334,96.3, 1.042
21.866666666666664,96.3, 1.042
21.866666666666664,96.3, 1.042
21.400000000000002,96.3, 1.042
21.46666666666667,96.3, 4.167
21.85,94.5, 615
30.299999999999997,95.0, 5072.08
29.666666666666668,96.23333333333333, 11342.9
29.933333333333334,93.13333333333333, 8187.92
27.53333333333333,94.3, 6047.08
29.76666666666667,84.86666666666666, 10578.8
30.866666666666664,79.93333333333334, 10403.3
34.46666666666667,67.06666666666666, 12533.7
29.35,92.0, 6115.83
26.799999999999997,95.0, 3387.92
25.0,95.8, 1044.17
23.35,95.0, 12.5
23.1,95.0, 1.042
23.45,95.0, 1.042
23.6,95.0, 1.042
22.8,96.63333333333333, 1.042
22.46666666666667,96.63333333333333, 1.042
22.633333333333336,96.63333333333333, 1.042
22.55,95.0, 1.042
22.5,95.0, 1.042
22.2,96.3, 1.042
22.35,94.5, 1.042
21.933333333333337,96.3, 1.042
22.0,94.5, 1.25
22.5,95.0, 355
23.03333333333333,96.63333333333333, 1935.42
22.866666666666664,96.63333333333333, 1097.92
26.233333333333334,96.63333333333333, 6652.5
26.666666666666668,96.56666666666666, 6078.75
27.46666666666667,95.86666666666667, 6321.25
26.900000000000002,95.66666666666667, 4468.33
25.75,95.0, 3091.25
24.85,95.0, 3386.67
24.85,95.0, 2457.5
23.7,96.63333333333333, 1092.08
22.9,95.0, 18.333
22.566666666666666,96.63333333333333, 1.042
22.75,95.0, 1.042
22.55,95.0, 1.042
22.55,95.0, 1.042
22.5,94.5, 1.042
22.099999999999998,96.3, 1.042
22.15,94.5, 1.042
21.866666666666664,96.3, 1.042
21.833333333333332,96.3, 1.042
21.75,94.5, 1.042
21.633333333333336,96.3, 1.042
21.65,94.5, 1.875
22.2,96.3, 1107.92
24.0,95.0, 2437.92
25.65,95.0, 5525
27.7,95.0, 7222.5
28.933333333333337,94.60000000000001, 10342.9
31.066666666666663,83.3, 14092.5
30.599999999999998,92.06666666666666, 10282.9
,,
,,
,,
,,
,,
,,
,,
,,
,,
,,
,,
,,
,,
,,
,,
,,
,,
,,
,,
,,
,,
,,
,,
,,
,,
,,
,,
,,
,,
,,
,,
,,
,,
,,
,,
,,
,,
,,
,,
,,
,,
,,
,,
,,
,,
,,
,,
,,
,,
,,
,,
,,
,,
,,
,,
,,
,,
,,
,,
,,
,,
,,
,,
,,
,,
,,
,,
,,
,,
,,
,,
,,
,,
,,
,,
,,
,,
,,
,,
,,
,,
,,
,,
,,
,,
,,
,,
19.5,93.0, 0
19.3,93.0, 2.917
20.25,93.0, 937.083
28.53333333333333,93.3, 5076.67
32.6,74.36666666666666, 7563.33
33.300000000000004,58.53333333333333, 10404.2
35.0,52.76666666666667, 20564.2
34.43333333333333,53.06666666666666, 23932.1
36.26666666666667,50.86666666666667, 18606.2
33.33333333333333,62.46666666666667, 10897.1
29.166666666666668,80.13333333333334, 4452.08
27.933333333333337,81.36666666666666, 2335.83
24.766666666666666,94.16666666666667, 657.5
22.85,89.5, 86.25
22.9,95.0, 1.042
22.1,94.5, 1.042
23.25,95.0, 1.042
21.75,94.5, 1.042
19.6,93.0, 1.042
19.133333333333336,95.3, 1.042
18.9,93.0, 1.042
19.35,93.0, 1.042
19.95,93.0, 1.042
19.9,93.0, 1.042
19.966666666666665,95.3, 1.042
19.7,93.0, 2.5
20.299999999999997,93.0, 715.417
23.46666666666667,96.63333333333333, 3174.17
31.166666666666668,81.53333333333333, 8612.92
30.03333333333333,89.2, 10674.6
30.633333333333336,77.76666666666667, 12101.2
28.0,91.36666666666667, 8528.75
29.266666666666666,91.89999999999999, 8640.83
31.86666666666667,68.7, 8405
28.8,91.43333333333334, 7949.58
26.0,94.93333333333334, 3203.75
22.73333333333333,96.63333333333333, 650
21.866666666666664,96.3, 28.333
17.5,92.03333333333335, 1.042
21.5,94.0, 1.042
21.266666666666666,95.63333333333333, 1.042
21.333333333333332,95.63333333333333, 1.042
21.566666666666666,96.3, 1.042
21.4,93.5, 1.042
21.333333333333332,95.63333333333333, 1.042
21.1,95.63333333333333, 1.042
21.0,95.63333333333333, 1.042
21.35,93.5, 1.042
21.3,93.5, 1.042
21.366666666666664,95.96666666666665, 2.083
22.099999999999998,96.3, 892.917
28.566666666666663,96.63333333333333, 6698.33
28.333333333333332,95.03333333333335, 7832.08
30.5,92.46666666666665, 9202.92
29.0,93.36666666666667, 5268.75
28.8,93.63333333333333, 5065.42
34.13333333333333,73.66666666666667, 15683.7
30.566666666666666,92.60000000000001, 3880.83
30.099999999999998,92.66666666666667, 9926.67
28.166666666666668,93.76666666666667, 4688.75
24.700000000000003,95.0, 1224.58
24.0,95.0, 75.833
23.45,95.0, 1.042
23.066666666666666,96.63333333333333, 1.042
22.95,95.0, 1.042
22.200000000000003,94.5, 1.042
22.066666666666666,96.3, 1.042
22.1,94.5, 1.042
21.933333333333334,96.3, 1.042
22.1,94.5, 1.042
21.900000000000002,96.3, 1.042
21.9,94.5, 1.042
21.25,93.5, 1.042
20.8,93.5, 2.917
21.55,94.5, 990
26.4,95.0, 4047.08
31.833333333333332,83.7, 4472.5
34.56666666666667,68.53333333333333, 13052.1
32.699999999999996,81.96666666666667, 20236.7
30.599999999999998,96.3, 5872.5
28.8,96.63333333333333, 4236.67
28.96666666666667,96.63333333333333, 6315.42
24.55,95.0, 540
24.566666666666666,96.63333333333333, 1798.33
24.299999999999997,96.63333333333333, 457.5
23.299999999999997,95.0, 33.333
23.299999999999997,95.0, 1.042
22.85,95.0, 1.042
22.799999999999997,95.0, 1.042
22.900000000000002,96.63333333333333, 1.042
22.6,95.0, 1.042
22.9,95.0, 1.042
22.9,95.0, 1.042
23.05,95.0, 1.042
22.733333333333334,96.63333333333333, 1.042
22.85,95.0, 1.042
22.5,95.0, 1.042
21.4,93.5, 2.708
21.15,93.5, 704.583
29.666666666666668,96.63333333333333, 4381.67
28.3,96.63333333333333, 6556.67
33.03333333333333,82.96666666666667, 12408.7
33.5,80.3, 24793.3
34.03333333333334,85.63333333333333, 27306.2
33.9,68.63333333333334, 22080
32.36666666666667,79.96666666666667, 14492.9
32.166666666666664,82.3, 9794.17
33.56666666666667,69.10000000000001, 5997.08
26.8,96.63333333333333, 810.417
25.55,95.0, 56.25
23.0,96.63333333333333, 1.042
22.833333333333332,96.63333333333333, 1.042
22.55,95.0, 1.042
21.766666666666666,96.3, 1.042
21.55,94.5, 1.042
20.733333333333334,95.63333333333333, 1.042
21.333333333333332,96.3, 1.042
22.45,94.5, 1.042
21.25,93.5, 1.042
20.5,93.5, 1.042
19.55,93.0, 1.042
19.099999999999998,95.3, 2.292
19.266666666666666,95.3, 671.25
30.200000000000003,88.96666666666665, 5017.5
32.800000000000004,68.43333333333334, 7294.58
33.96666666666667,55.43333333333334, 10163.3
34.6,58.03333333333333, 22732.9
34.166666666666664,56.06666666666666, 25354.2
32.233333333333334,70.86666666666666, 20952.1
31.099999999999998,67.76666666666667, 13084.2
32.35,66.0, 12345.4
33.36666666666667,64.93333333333334, 7014.58
27.833333333333332,91.83333333333333, 543.333
25.65,95.0, 70
24.433333333333334,96.63333333333333, 1.042
24.066666666666666,96.63333333333333, 1.042
23.599999999999998,96.63333333333333, 1.042
24.25,95.0, 1.042
24.05,95.0, 1.042
23.35,95.0, 1.042
23.55,95.0, 1.042
22.666666666666668,96.63333333333333, 1.042
22.55,95.0, 1.042
22.55,95.0, 1.042
22.25,94.5, 1.042
22.35,94.5, 1.25
23.35,95.0, 1972.08
24.55,90.5, 2549.17
26.4,95.0, 5809.17
34.0,74.0, 9092.5
28.5,95.0, 7503.75
26.100000000000005,95.76666666666667, 4456.67
26.25,95.0, 4193.33
26.8,95.0, 5986.25
27.26666666666667,96.63333333333333, 4564.17
24.46666666666667,96.63333333333333, 3542.92
23.53333333333333,96.63333333333333, 649.167
22.75,95.0, 24.167
21.85,94.5, 1.042
22.65,95.0, 1.042
23.2,95.0, 1.042
22.75,95.0, 1.042
22.8,95.0, 1.042
21.533333333333335,96.3, 1.042
22.95,95.0, 1.042
22.5,95.0, 1.042
22.45,95.0, 1.042
22.85,95.0, 1.042
22.2,94.5, 1.042
21.333333333333332,91.3, 1.458
21.7,96.3, 727.917
27.85,95.0, 5386.67
27.366666666666664,88.63333333333333, 6870.83
25.766666666666666,96.63333333333333, 5137.5
28.766666666666666,91.96666666666665, 9385.42
27.166666666666668,95.96666666666665, 4370
26.53333333333333,96.63333333333333, 4440.42
25.950000000000003,95.0, 6294.58
25.049999999999997,95.0, 4415.42
24.03333333333333,96.63333333333333, 3687.92
22.6,95.0, 928.75
21.733333333333334,96.3, 40
21.55,94.5, 1.042
21.700000000000003,94.5, 1.042
21.933333333333334,96.3, 1.042
21.8,96.3, 1.042
21.733333333333334,96.3, 1.042
21.866666666666664,92.03333333333335, 1.042
22.5,95.0, 1.042
21.7,94.5, 1.042
20.450000000000003,93.5, 1.042
21.1,93.5, 1.042
22.15,94.5, 1.042
23.0,95.0, 0
23.2,95.0, 839.583
25.26666666666667,96.63333333333333, 3095.42
29.066666666666666,94.3, 7266.67
29.53333333333333,91.63333333333333, 8822.5
31.5,74.5, 12384.2
31.96666666666667,82.96666666666667, 12805
29.700000000000003,91.96666666666665, 10199.6
30.46666666666667,87.3, 8747.5
29.066666666666663,96.63333333333333, 5609.17
27.200000000000003,95.0, 3498.33
25.733333333333334,96.63333333333333, 1048.75
24.6,95.0, 75.833
24.066666666666666,96.63333333333333, 1.042
24.1,95.0, 1.042
23.6,95.0, 1.042
24.1,95.0, 1.042
22.8,96.63333333333333, 1.042
23.1,95.0, 1.042
23.4,95.0, 1.042
22.55,95.0, 1.042
22.133333333333336,96.3, 1.042
22.15,94.5, 1.042
22.46666666666667,96.63333333333333, 1.042
23.55,90.0, 1.25
23.433333333333334,96.63333333333333, 803.75
23.666666666666668,96.63333333333333, 1564.58
24.9,95.0, 1918.75
29.666666666666668,94.96666666666665, 9231.25
28.866666666666664,93.63333333333333, 6549.58
27.099999999999998,96.63333333333333, 2780.83
26.8,96.63333333333333, 3956.67
26.600000000000005,96.63333333333333, 3602.08
27.066666666666666,96.63333333333333, 4385
24.96666666666667,96.63333333333333, 2301.25
24.866666666666664,96.63333333333333, 1144.58
24.03333333333333,96.63333333333333, 92.5
23.55,95.0, 1.042
22.96666666666667,96.63333333333333, 1.042
22.9,95.0, 1.042
24.0,93.5, 1.042
24.05,95.0, 1.042
23.233333333333334,92.36666666666667, 1.042
23.26666666666667,96.63333333333333, 1.042
22.950000000000003,95.0, 1.042
22.733333333333334,96.63333333333333, 1.042
22.733333333333334,96.63333333333333, 1.042
22.85,95.0, 1.042
22.65,95.0, 1.25
22.700000000000003,95.0, 590
26.633333333333336,96.63333333333333, 5079.17
28.066666666666666,96.63333333333333, 6683.33
28.333333333333332,96.63333333333333, 7887.5
36.400000000000006,72.9, 25337.1
32.23333333333333,82.23333333333333, 17011.2
30.5,92.96666666666665, 7847.08
28.23333333333333,96.63333333333333, 6060.83
28.599999999999998,95.63333333333333, 4519.58
27.23333333333333,96.63333333333333, 1887.92
25.049999999999997,95.0, 1035
23.7,96.63333333333333, 12.917
23.53333333333333,96.63333333333333, 1.042
23.3,96.63333333333333, 1.042
23.299999999999997,95.0, 1.042
22.85,95.0, 1.042
22.96666666666667,96.63333333333333, 1.042
22.333333333333332,92.03333333333335, 1.042
22.35,94.5, 1.042
21.833333333333332,96.3, 1.042
22.05,94.5, 1.042
22.0,94.5, 1.042
21.633333333333336,96.3, 1.042
21.53333333333333,96.3, 1.458
22.5,94.5, 1251.67
30.1,95.0, 4732.5
32.800000000000004,81.3, 7100.42
34.93333333333333,62.93333333333334, 10158.3
31.566666666666666,75.8, 10373.8
34.46666666666666,63.63333333333333, 24490.8
34.166666666666664,65.33333333333333, 24873.7
31.03333333333333,81.33333333333333, 9105.83
27.95,95.0, 2410.83
26.099999999999998,96.63333333333333, 795.417
25.3,96.63333333333333, 960.833
24.65,95.0, 23.333
24.0,95.0, 0.833
23.799999999999997,95.0, 0.833
23.866666666666664,96.63333333333333, 0.833
23.700000000000003,95.0, 1.042
23.6,95.0, 1.042
23.1,95.0, 1.042
23.200000000000003,95.0, 1.042
22.6,95.0, 1.042
22.45,94.5, 1.042
22.6,95.0, 1.042
22.200000000000003,94.5, 1.042
22.0,94.5, 1.667
22.1,94.5, 671.25
29.900000000000002,92.53333333333335, 4889.58
32.96666666666667,83.33333333333333, 7126.25
35.23333333333333,61.76666666666667, 10281.2
28.73333333333333,94.33333333333333, 4421.67
29.76666666666667,93.13333333333333, 6764.17
30.53333333333333,91.10000000000001, 4805.83
29.26666666666667,94.63333333333333, 3470.42
28.866666666666664,95.13333333333333, 6217.92
28.35,95.0, 2492.5
24.6,95.0, 287.5
23.5,95.0, 7.917
23.25,95.0, 1.042
22.833333333333332,96.63333333333333, 1.042
22.85,95.0, 1.042
22.53333333333333,96.63333333333333, 1.042
22.666666666666668,96.63333333333333, 1.042
22.049999999999997,94.5, 1.042
22.1,94.5, 1.042
22.25,94.5, 1.042
22.133333333333336,96.3, 1.042
21.666666666666668,96.3, 1.042
21.3,95.96666666666665, 1.042
20.900000000000002,95.63333333333333, 1.25
21.35,94.0, 930.833
24.65,95.0, 3897.5
27.900000000000002,96.10000000000001, 7252.08
33.233333333333334,69.89999999999999, 10933.8
32.666666666666664,72.33333333333333, 13170.8
33.46666666666667,74.56666666666666, 19338.3
31.233333333333334,86.83333333333333, 14470
33.03333333333333,77.16666666666667, 12027.1
31.733333333333334,86.10000000000001, 7985
29.366666666666664,94.26666666666667, 4059.58
27.8,94.76666666666667, 1637.92
25.2,96.63333333333333, 137.5
24.0,95.0, 1.042
23.65,95.0, 1.042
23.5,95.0, 1.042
23.6,95.0, 1.042
23.25,95.0, 1.042
23.0,96.63333333333333, 1.042
23.100000000000005,96.63333333333333, 1.042
22.9,95.0, 1.042
22.35,94.5, 1.042
21.9,94.5, 1.042
21.299999999999997,93.5, 1.042
21.1,93.5, 1.25
22.0,94.5, 462.5
30.46666666666667,92.13333333333333, 5368.75
30.96666666666667,87.39999999999999, 7432.08
34.36666666666667,68.93333333333334, 9182.5
33.4,66.76666666666667, 13620.4
34.666666666666664,54.93333333333334, 27306.2
31.633333333333336,69.46666666666667, 22617.1
30.833333333333332,78.43333333333334, 7060.83
30.899999999999995,70.93333333333334, 7545.42
29.599999999999998,89.46666666666665, 4079.58
28.25,95.0, 1023.33
25.7,96.63333333333333, 103.333
24.6,95.0, 1.042
24.55,95.0, 1.042
23.766666666666666,96.63333333333333, 1.042
23.46666666666667,96.63333333333333, 1.042
23.4,95.0, 1.042
23.5,95.0, 1.042
23.25,95.0, 1.042
23.05,95.0, 1.042
22.85,95.0, 1.042
22.95,95.0, 1.042
22.6,95.0, 1.042
22.400000000000002,96.63333333333333, 1.042
22.6,95.0, 330.833
22.95,95.0, 373.333
23.15,95.0, 553.75
,,
,,
,,
,,
,,
,,
,,
,,
22.833333333333332,96.63333333333333, 782.083
22.133333333333336,96.3, 1.042
21.95,94.5, 1.042
21.6,94.5, 1.042
21.433333333333334,96.3, 1.042
21.35,93.5, 1.042
21.333333333333332,95.96666666666665, 1.042
21.15,93.5, 1.042
21.033333333333335,95.63333333333333, 1.042
20.900000000000002,95.63333333333333, 1.042
20.766666666666666,95.63333333333333, 1.042
20.46666666666667,95.63333333333333, 1.042
20.233333333333334,95.3, 1.25
21.5,94.0, 1202.5
24.1,95.0, 3301.67
29.2,95.06666666666666, 11071.2
27.766666666666666,94.96666666666665, 6971.25
29.2,95.0, 0
27.833333333333332,95.2, 6145
30.099999999999998,90.63333333333333, 9095
26.566666666666663,96.63333333333333, 5387.08
27.96666666666667,96.5, 6920.42
28.65,95.0, 5335
25.166666666666668,96.63333333333333, 1850.42
23.4,95.0, 81.667
23.0,95.0, 0.833
23.100000000000005,96.63333333333333, 0.833
22.46666666666667,96.63333333333333, 0.833
22.066666666666666,96.3, 0.833
22.166666666666668,96.3, 0.833
22.15,94.5, 0.833
21.9,94.5, 0.833
21.65,94.5, 0.833
21.9,94.5, 0.833
21.95,94.5, 0.833
22.05,94.5, 0.833
21.7,96.3, 1.042
22.066666666666666,96.3, 275.833
23.299999999999997,95.0, 1647.92
24.450000000000003,95.0, 3094.17
26.466666666666665,96.63333333333333, 6740
27.2,96.63333333333333, 8354.17
26.85,95.0, 5770.42
27.6,95.0, 5142.92
28.766666666666666,95.39999999999999, 8395.83
29.05,95.0, 4291.67
28.733333333333334,95.2, 5888.33
26.900000000000002,96.36666666666667, 2264.58
24.65,95.0, 110
23.833333333333332,96.63333333333333, 1.042
23.55,95.0, 1.042
23.05,95.0, 1.042
23.05,95.0, 1.042
22.433333333333337,96.3, 1.042
22.65,95.0, 1.042
22.450000000000003,94.5, 1.042
22.433333333333334,96.63333333333333, 1.042
21.799999999999997,94.5, 1.042
21.8,96.3, 1.042
21.950000000000003,94.5, 1.042
21.25,93.5, 1.25
21.85,94.5, 920.417
25.25,95.0, 1959.58
30.26666666666667,90.0, 9032.08
31.65,79.5, 9782.5
29.933333333333334,86.2, 10533.3
28.9,95.0, 6463.75
30.900000000000002,84.86666666666666, 13360
30.5,84.96666666666667, 6070.42
29.666666666666668,86.89999999999999, 7085
27.75,95.0, 3547.92
25.96666666666667,95.60000000000001, 1568.33
24.4,95.0, 74.583
23.55,95.0, 1.042
23.166666666666668,96.63333333333333, 1.042
23.35,95.0, 1.042
22.700000000000003,95.0, 1.042
22.3,96.3, 1.042
22.333333333333332,96.3, 1.042
22.066666666666663,96.3, 1.042
22.433333333333337,96.63333333333333, 1.042
22.35,94.5, 1.042
22.6,95.0, 1.042
23.5,95.0, 1.042
22.299999999999997,94.5, 1.25
23.45,95.0, 1050.42
29.15,95.0, 5044.17
29.933333333333334,93.66666666666667, 5865
27.166666666666668,94.3, 4708.33
28.566666666666666,94.23333333333333, 8908.75
30.099999999999998,87.73333333333333, 9799.17
30.8,86.0, 9029.58
30.75,95.0, 8113.75
25.15,95.0, 1343.75
25.7,95.0, 2522.92
25.049999999999997,95.0, 640.417
24.05,95.0, 35.833
23.46666666666667,96.63333333333333, 1.042
23.633333333333336,96.63333333333333, 1.042
23.35,95.0, 1.042
23.200000000000003,95.0, 1.042
22.766666666666666,96.63333333333333, 1.042
22.53333333333333,96.63333333333333, 1.042
22.5,95.0, 1.042
22.2,96.3, 1.042
22.15,94.5, 1.042
21.95,94.5, 1.042
21.866666666666664,96.3, 1.042
21.733333333333334,96.3, 1.25
22.25,94.5, 910
24.95,95.0, 3015
27.35,95.0, 4862.5
29.400000000000002,95.03333333333335, 13736.2
29.53333333333333,89.13333333333333, 10180.8
31.233333333333334,86.83333333333333, 9943.33
29.133333333333336,90.86666666666667, 6589.17
30.3,87.56666666666666, 7066.25
29.599999999999998,90.33333333333333, 4802.92
27.46666666666667,93.83333333333333, 2823.75
26.05,95.0, 767.5
24.53333333333333,96.56666666666666, 51.667
23.366666666666664,96.63333333333333, 1.042
22.766666666666666,96.63333333333333, 1.042
22.200000000000003,94.5, 1.042
22.0,94.5, 1.042
21.65,94.5, 1.042
21.700000000000003,94.5, 1.042
21.950000000000003,94.5, 1.042
21.799999999999997,94.5, 1.042
21.866666666666664,96.3, 1.042
21.9,94.5, 1.042
21.75,94.5, 1.042
21.433333333333334,96.3, 1.042
21.7,96.3, 330
23.1,95.0, 1521.67
27.100000000000005,93.63333333333333, 7096.67
25.76666666666667,96.63333333333333, 4593.33
28.03333333333333,95.53333333333335, 8940.42
,,
,,
,,
,,
,,
,,
,,
,,
,,
,,
,,
,,
,,
,,
,,
,,
,,
,,
,,
,,
,,
,,
,,
,,
,,
,,
,,
,,
,,
,,
,,
,,
,,
,,
,,
,,
22.5,95.0, 0
22.03333333333333,96.3, 1.042
21.75,94.5, 1.042
21.5,96.3, 1.042
21.333333333333332,95.96666666666665, 1.042
21.033333333333335,95.63333333333333, 1.042
20.9,93.5, 1.042
21.23333333333333,95.63333333333333, 1034.17
28.833333333333332,84.96666666666667, 5902.92
29.633333333333336,89.56666666666666, 6475.42
33.666666666666664,62.56666666666666, 16416.2
31.700000000000003,82.56666666666666, 14015.4
36.733333333333334,57.76666666666667, 19848.3
32.0,77.86666666666666, 20760
30.600000000000005,86.46666666666665, 10133.3
31.5,77.16666666666667, 7400.83
29.049999999999997,87.0, 4812.08
26.76666666666667,93.56666666666666, 2133.33
24.05,95.0, 162.917
23.1,95.0, 1.042
22.55,95.0, 1.042
22.55,95.0, 1.042
21.55,94.5, 1.042
20.950000000000003,93.5, 1.042
20.5,93.5, 1.042
20.166666666666668,95.3, 1.042
20.049999999999997,93.0, 1.042
20.099999999999998,95.3, 1.042
19.799999999999997,95.3, 1.042
19.75,93.0, 1.042
19.4,95.3, 1.042
20.133333333333333,95.3, 865.417
25.733333333333334,93.63333333333333, 5487.08
31.899999999999995,83.0, 12095.4
29.733333333333334,90.03333333333335, 10363.3
27.566666666666666,91.56666666666666, 7395.42
27.3,95.7, 5425.42
27.96666666666667,95.0, 6419.58
29.133333333333336,93.5, 9657.5
25.35,89.0, 4647.08
23.95,95.0, 1173.33
22.666666666666668,96.63333333333333, 1163.33
22.2,94.5, 38.333
21.6,94.5, 1.042
21.53333333333333,96.3, 1.042
21.5,94.0, 1.042
21.1,93.5, 1.042
20.599999999999998,95.63333333333333, 1.042
20.700000000000003,93.5, 1.042
20.533333333333335,95.63333333333333, 1.042
21.0,93.5, 1.042
20.966666666666665,95.63333333333333, 1.042
20.8,95.63333333333333, 1.042
20.366666666666664,95.63333333333333, 1.042
20.8,95.63333333333333, 1.042
20.766666666666666,95.63333333333333, 502.5
23.9,95.0, 3503.33
27.2,95.0, 8961.25
31.96666666666667,78.43333333333334, 17076.7
31.433333333333334,81.83333333333333, 12906.7
32.4,66.76666666666667, 18292.5
33.6,63.666666666666664, 12482.9
29.23333333333333,89.33333333333333, 7006.25
28.933333333333337,91.96666666666665, 6989.58
31.133333333333336,85.16666666666667, 9463.33
25.700000000000003,95.0, 442.5
24.9,95.0, 157.917
23.25,95.0, 1.042
22.75,95.0, 1.042
22.366666666666664,96.3, 1.042
22.55,95.0, 1.042
22.400000000000002,96.63333333333333, 1.042
22.299999999999997,94.5, 1.042
22.1,94.5, 1.042
22.0,94.5, 1.042
21.95,94.5, 1.042
21.55,94.5, 1.042
21.400000000000002,96.3, 1.042
21.0,95.63333333333333, 1.25
21.4,94.0, 865.417
28.099999999999998,81.63333333333334, 5121.67
31.46666666666667,77.60000000000001, 9722.08
34.06666666666667,60.23333333333333, 15605.8
35.06666666666666,61.166666666666664, 16152.1
36.63333333333333,49.53333333333333, 13917.5
34.166666666666664,66.89999999999999, 11287.1
31.0,81.10000000000001, 7420.83
28.900000000000002,91.8, 2458.33
28.950000000000003,95.0, 1477.08
27.099999999999998,96.63333333333333, 1577.5
25.866666666666664,96.63333333333333, 170
25.200000000000003,95.0, 1.042
24.799999999999997,95.0, 1.042
24.55,95.0, 1.042
23.7,96.63333333333333, 1.042
23.400000000000002,96.63333333333333, 1.042
23.066666666666666,96.63333333333333, 1.042
23.200000000000003,95.0, 1.042
22.96666666666667,96.63333333333333, 1.042
22.6,95.0, 1.042
22.45,94.5, 1.042
22.65,95.0, 1.042
21.299999999999997,93.5, 1.25
21.799999999999997,94.5, 845
29.966666666666665,85.63333333333333, 5340.42
32.96666666666667,72.86666666666666, 10400.4
32.96666666666667,70.26666666666667, 16751.2
36.166666666666664,57.43333333333334, 15430.8
35.199999999999996,60.46666666666667, 13979.2
34.9,62.36666666666667, 19422.1
33.76666666666667,57.36666666666667, 20737.9
32.86666666666667,61.23333333333333, 11306.7
34.13333333333333,56.699999999999996, 7563.75
28.666666666666668,91.56666666666666, 1603.75
26.166666666666668,96.3, 315
24.299999999999997,96.63333333333333, 1.042
23.299999999999997,95.0, 1.042
22.7,95.0, 1.042
22.433333333333337,96.3, 1.042
22.0,96.3, 1.042
21.799999999999997,94.5, 1.042
21.433333333333334,96.3, 1.042
20.933333333333334,95.63333333333333, 1.042
20.400000000000002,95.63333333333333, 1.042
20.3,93.5, 1.042
19.950000000000003,93.0, 1.042
19.55,93.0, 1.25
19.6,93.0, 680.833
28.2,80.3, 5837.92
31.933333333333337,76.73333333333333, 10420.8
34.36666666666667,62.86666666666667, 15517.9
36.03333333333333,52.333333333333336, 16477.9
37.233333333333334,52.199999999999996, 13897.1
37.233333333333334,54.833333333333336, 20127.9
36.86666666666667,52.96666666666667, 19530.4
35.96666666666667,49.300000000000004, 12219.2
34.0,59.4, 7072.08
28.433333333333334,89.56666666666666, 1318.75
25.200000000000003,95.0, 302.5
23.700000000000003,95.0, 1.042
22.9,95.0, 1.042
22.9,95.0, 1.042
22.95,95.0, 1.042
22.03333333333333,96.3, 1.042
21.266666666666666,95.96666666666665, 1.042
20.85,93.5, 1.042
20.15,93.0, 1.042
20.166666666666668,95.3, 1.042
19.533333333333335,95.3, 1.042
19.0,93.0, 1.042
18.65,93.0, 1.25
19.1,95.3, 857.5
28.55,75.5, 5343.33
31.866666666666664,75.93333333333334, 10124.2
34.666666666666664,50.666666666666664, 15750
35.76666666666667,45.9, 16639.2
37.26666666666666,43.23333333333333, 14305.4
34.06666666666666,54.36666666666667, 21818.8
36.36666666666667,46.63333333333333, 20992.9
35.86666666666667,45.333333333333336, 12231.7
32.766666666666666,54.93333333333334, 5319.17
28.2,79.5, 1848.75
25.23333333333333,94.53333333333335, 384.583
23.450000000000003,95.0, 1.042
22.15,94.5, 1.042
21.5,94.0, 1.042
20.95,93.5, 1.042
20.400000000000002,95.63333333333333, 1.042
20.2,93.0, 1.042
19.700000000000003,93.0, 1.042
19.5,93.0, 1.042
19.25,93.0, 1.042
18.85,93.0, 1.042
18.5,92.5, 1.042
18.9,93.0, 1.25
18.633333333333336,95.3, 809.583
27.8,81.0, 5332.5
31.0,71.53333333333333, 10307.9
33.599999999999994,56.9, 15593.7
36.1,45.56666666666666, 17232.1
36.93333333333334,41.46666666666667, 14401.7
38.06666666666666,39.96666666666667, 20542.9
35.76666666666667,43.800000000000004, 18380.4
35.699999999999996,44.96666666666667, 10904.6
32.9,50.699999999999996, 6682.08
28.266666666666666,71.06666666666666, 2198.33
24.75,95.0, 370.833
22.4,94.5, 1.042
21.96666666666667,96.3, 1.042
21.266666666666666,95.63333333333333, 1.042
20.75,93.5, 1.042
20.25,93.0, 1.042
19.9,93.0, 1.042
19.549999999999997,93.0, 1.042
19.25,93.0, 1.042
19.05,93.0, 1.042
18.700000000000003,93.0, 1.042
18.5,94.96666666666665, 1.042
17.900000000000002,94.96666666666665, 1.25
18.1,94.96666666666665, 669.583
26.46666666666667,86.93333333333334, 5571.25
31.166666666666668,67.93333333333334, 10535.8
32.96666666666666,59.5, 15983.3
36.4,50.23333333333333, 20283.3
37.333333333333336,47.46666666666667, 16290
37.86666666666667,43.96666666666667, 17584.6
38.3,40.333333333333336, 20710
36.86666666666667,46.53333333333333, 11745.8
29.63333333333333,73.23333333333333, 3054.17
30.299999999999997,74.5, 3400.42
24.65,95.0, 226.25
22.7,95.0, 1.042
21.400000000000002,95.96666666666665, 1.042
20.549999999999997,93.5, 1.042
20.266666666666666,95.3, 1.042
20.400000000000002,95.63333333333333, 1.042
19.266666666666666,95.3, 1.042
18.700000000000003,93.0, 1.042
19.05,93.0, 1.042
18.099999999999998,94.96666666666665, 1.042
17.549999999999997,92.5, 1.042
17.133333333333336,94.63333333333333, 1.042
16.450000000000003,91.5, 1.25
17.1,92.0, 1023.75
27.5,75.2, 6323.33
30.666666666666668,57.63333333333333, 11287.9
31.53333333333333,49.166666666666664, 17414.2
33.73333333333333,40.699999999999996, 22000.4
35.63333333333333,40.199999999999996, 14650.4
33.800000000000004,45.9, 18549.2
34.333333333333336,44.333333333333336, 19427.1
34.06666666666666,45.699999999999996, 11273.8
31.733333333333334,49.06666666666666, 7046.67
26.0,75.36666666666666, 1778.75
22.6,95.0, 368.75
21.433333333333334,95.96666666666665, 1.042
20.75,93.5, 1.042
20.333333333333332,95.63333333333333, 1.042
20.700000000000003,93.5, 1.042
21.1,93.5, 1.042
19.85,93.0, 1.042
19.5,93.0, 1.042
18.9,93.0, 1.042
18.1,92.5, 1.042
18.55,93.0, 1.042
17.6,92.5, 1.042
17.4,92.5, 1.042
18.1,92.5, 1617.92
27.549999999999997,80.5, 5989.58
29.600000000000005,62.699999999999996, 10568.8
31.3,51.86666666666667, 16732.9
33.5,50.06666666666666, 21732.5
34.9,46.4, 15325
34.0,48.833333333333336, 18349.6
34.53333333333334,45.333333333333336, 19207.9
33.800000000000004,44.13333333333333, 12464.2
31.03333333333333,63.86666666666667, 5805.83
28.733333333333334,70.13333333333334, 4080.42
24.85,95.0, 361.667
23.55,95.0, 1.042
22.666666666666668,96.63333333333333, 1.042
21.75,94.5, 1.042
21.1,95.63333333333333, 1.042
20.9,93.5, 1.042
20.533333333333335,95.63333333333333, 1.042
21.85,94.5, 1.042
21.1,93.5, 1.042
20.15,93.0, 1.042
20.45,93.5, 1.042
19.05,93.0, 1.042
18.6,95.3, 1.042
18.900000000000002,95.3, 817.083
27.35,84.0, 4983.75
30.266666666666666,68.39999999999999, 9584.17
33.26666666666667,60.199999999999996, 14882.1
33.56666666666667,52.833333333333336, 16237.5
35.36666666666667,47.1, 14837.9
35.46666666666667,53.199999999999996, 21470.8
35.63333333333333,52.5, 21761.2
34.2,56.699999999999996, 15464.6
28.96666666666667,72.23333333333333, 3761.67
27.166666666666668,84.89999999999999, 1087.92
25.400000000000002,95.83333333333333, 297.083
24.099999999999998,96.63333333333333, 1.042
23.700000000000003,95.0, 1.042
23.333333333333332,96.63333333333333, 1.042
22.7,96.63333333333333, 1.042
22.46666666666667,96.63333333333333, 1.042
23.15,95.0, 1.042
22.6,95.0, 1.042
21.75,94.5, 1.042
21.549999999999997,94.0, 1.042
21.399999999999995,95.96666666666665, 1.042
21.1,93.5, 1.042
20.666666666666668,95.63333333333333, 1.042
21.166666666666668,95.63333333333333, 347.917
23.450000000000003,95.0, 2290.42
23.96666666666667,96.63333333333333, 2452.08
25.05,95.0, 3771.67
27.166666666666668,96.63333333333333, 6055
25.933333333333337,96.63333333333333, 5009.58
27.266666666666666,96.63333333333333, 6402.5
26.799999999999997,96.63333333333333, 5908.33
27.566666666666663,96.63333333333333, 5776.67
26.6,95.0, 2951.67
25.2,96.63333333333333, 1837.5
23.366666666666664,96.63333333333333, 232.083
22.4,94.5, 1.042
22.0,94.5, 1.042
21.666666666666668,96.3, 1.042
21.833333333333332,96.3, 1.042
21.3,95.96666666666665, 1.042
21.15,93.5, 1.042
20.5,95.63333333333333, 1.042
19.9,93.0, 1.042
20.2,95.3, 1.042
19.5,95.3, 1.042
19.5,93.0, 1.042
19.200000000000003,93.0, 1.042
20.433333333333334,95.63333333333333, 1113.33
22.4,94.5, 2039.58
25.733333333333334,96.63333333333333, 5255
33.23333333333333,64.3, 16430.4
34.53333333333334,56.86666666666667, 16186.2
35.166666666666664,59.833333333333336, 15155
36.699999999999996,55.300000000000004, 22723.3
35.63333333333333,54.93333333333334, 21209.6
32.96666666666667,62.6, 7263.33
25.6,95.0, 1939.17
25.066666666666663,96.63333333333333, 1707.92
24.433333333333334,96.63333333333333, 88.333
23.7,95.0, 0.833
23.233333333333334,96.63333333333333, 0.833
22.700000000000003,95.0, 1.042
22.6,95.0, 1.042
22.05,94.5, 1.042
22.2,96.3, 1.042
21.55,94.5, 1.042
21.299999999999997,93.5, 1.042
20.499999999999996,95.63333333333333, 1.042
20.450000000000003,93.5, 1.042
20.75,93.5, 1.042
20.866666666666667,95.63333333333333, 1.042
22.333333333333332,96.63333333333333, 684.167
30.799999999999997,81.5, 8500.83
33.43333333333333,66.66666666666667, 12858.7
33.56666666666667,64.16666666666667, 19305
34.333333333333336,58.46666666666667, 18410.8
34.0,67.46666666666667, 6195
33.26666666666667,65.23333333333333, 21572.1
35.06666666666666,59.300000000000004, 11398.3
33.1,60.86666666666667, 10688.3
33.833333333333336,55.46666666666667, 7359.58
27.366666666666664,81.86666666666666, 1979.58
25.766666666666666,94.39999999999999, 430.417
23.399999999999995,96.63333333333333, 1.042
23.25,95.0, 1.042
22.566666666666666,96.63333333333333, 1.042
22.75,95.0, 1.042
22.950000000000003,95.0, 1.042
22.7,96.63333333333333, 1.042
23.0,95.0, 1.042
23.4,95.0, 0.833
22.85,95.0, 1.042
22.5,94.5, 1.042
21.8,96.3, 1.042
21.399999999999995,95.96666666666665, 1.042
22.933333333333334,96.63333333333333, 785.833
24.1,95.0, 1730.42
26.333333333333332,95.3, 2614.58
33.800000000000004,63.166666666666664, 20651.2
34.833333333333336,58.166666666666664, 21372.1
32.43333333333333,67.96666666666667, 16109.6
30.766666666666666,71.93333333333334, 10093.8
28.266666666666666,75.60000000000001, 5950.42
30.433333333333334,76.46666666666667, 10239.2
31.96666666666667,68.36666666666666, 7960.42
24.700000000000003,96.36666666666667, 1019.58
23.4,95.0, 382.917
22.933333333333334,96.63333333333333, 1.042
22.900000000000002,96.63333333333333, 1.042
22.1,94.5, 1.042
22.299999999999997,94.5, 1.042
21.9,94.5, 1.042
22.8,95.0, 1.042
22.7,95.0, 1.042
21.6,94.5, 1.042
22.0,94.5, 1.042
22.03333333333333,96.3, 1.042
22.799999999999997,95.0, 1.042
22.85,95.0, 1.042
23.85,95.0, 1417.08
26.833333333333332,94.96666666666665, 6145.83
30.76666666666667,72.16666666666667, 10865.4
33.1,65.53333333333333, 16074.2
31.233333333333334,69.26666666666667, 20866.2
31.866666666666664,69.23333333333333, 17846.2
30.866666666666664,75.10000000000001, 8266.25
32.56666666666667,62.53333333333333, 15429.6
30.299999999999997,70.0, 7146.67
27.099999999999998,88.36666666666667, 4532.5
26.3,95.0, 1871.67
24.55,95.0, 368.75
24.15,95.0, 1.042
22.8,95.0, 0.833
23.633333333333336,96.63333333333333, 1.042
23.85,95.0, 1.042
24.15,95.0, 0.833
23.5,95.0, 1.042
23.3,96.63333333333333, 0.833
23.05,95.0, 1.042
22.05,94.5, 0
22.200000000000003,94.5, 1.042
21.5,94.0, 1.042
21.333333333333332,95.96666666666665, 1.042
22.53333333333333,96.63333333333333, 836.667
23.8,96.63333333333333, 2346.67
24.166666666666668,96.63333333333333, 1102.92
26.5,95.63333333333333, 5822.08
31.5,71.39999999999999, 16529.2
30.8,69.53333333333333, 12177.5
31.066666666666666,73.60000000000001, 12587.5
29.366666666666664,72.93333333333334, 9667.92
29.433333333333334,79.93333333333334, 8957.08
27.599999999999998,87.26666666666667, 5720.83
25.450000000000003,95.0, 2553.33
24.1,95.0, 473.333
23.15,95.0, 1.042
22.9,95.0, 1.042
22.066666666666666,96.3, 1.042
22.3,93.0, 1.042
21.733333333333334,89.33333333333333, 1.042
21.433333333333337,94.26666666666667, 1.042
19.6,93.0, 1.042
19.9,93.0, 1.042
20.6,93.5, 1.042
20.35,93.0, 1.042
21.26666666666667,96.3, 1.042
21.333333333333332,96.3, 1.042
21.95,94.5, 867.5
25.3,93.0, 4742.92
28.26666666666667,77.23333333333333, 9939.17
32.0,66.73333333333333, 13567.9
31.366666666666664,64.23333333333333, 17380
30.900000000000002,62.13333333333333, 16037.5
33.800000000000004,59.36666666666667, 25672.1
30.266666666666666,66.66666666666667, 8604.58
31.266666666666666,59.73333333333333, 11510.8
30.733333333333334,67.96666666666667, 10014.2
26.933333333333334,80.36666666666666, 2731.67
23.95,95.0, 509.167
22.45,94.5, 0.833
21.8,96.3, 1.042
21.933333333333334,96.3, 1.042
21.05,93.5, 1.042
21.0,93.5, 1.042
19.866666666666667,95.3, 1.042
19.55,93.0, 1.042
21.2,95.96666666666665, 1.042
19.900000000000002,95.3, 1.042
19.0,93.0, 1.042
18.700000000000003,95.3, 1.042
18.466666666666665,94.96666666666665, 1.042
19.25,93.0, 688.75
22.03333333333333,96.63333333333333, 3384.58
29.5,75.0, 9858.33
33.233333333333334,64.03333333333333, 20371.7
31.23333333333333,62.56666666666666, 12310.8
31.599999999999998,65.56666666666666, 13475.8
33.53333333333333,67.16666666666667, 27306.2
36.13333333333333,56.56666666666666, 26339.6
33.6,54.53333333333333, 10872.1
30.75,62.0, 6765
28.55,71.0, 3022.08
25.950000000000003,95.0, 685.833
24.35,95.0, 0.833
23.8,96.63333333333333, 0.833
22.866666666666664,96.63333333333333, 1.042
23.2,96.63333333333333, 1.042
23.0,95.0, 1.042
