Date,Time,Temperature,Feels Like,Pressure,Humidity,Dew Point,Clouds,Wind Speed,Description
2020-10-18,00:00:00,22.3,23.09,1009,96,21.63,75,0,broken clouds
2020-10-18,01:00:00,22.69,23.36,1010,90,20.96,61,1.73,broken clouds
2020-10-18,02:00:00,24.3,25.0,1011,85,21.62,67,1.72,broken clouds
2020-10-18,03:00:00,25.12,25.72,1010,78,21.01,40,0,scattered clouds
2020-10-18,04:00:00,25.53,26.33,1011,84,22.63,81,3.2,broken clouds
2020-10-18,05:00:00,28.03,31.42,1011,75,23.18,83,3.12,broken clouds
2020-10-18,06:00:00,28.01,31.38,1008,75,23.16,20,2.6,few clouds
2020-10-18,07:00:00,28.15,31.69,1009,75,23.3,85,3.41,overcast clouds
2020-10-18,08:00:00,27.35,30.2,1008,77,22.96,75,3.32,broken clouds
2020-10-18,09:00:00,27.9,30.35,1005,69,21.69,40,1.5,scattered clouds
2020-10-18,10:00:00,26.29,26.29,1007,83,23.17,82,3.37,broken clouds
2020-10-18,11:00:00,25.95,25.95,1008,85,23.23,93,2.9,overcast clouds
2020-10-18,12:00:00,25.6,26.07,1006,71,19.95,40,1,scattered clouds
2020-10-18,13:00:00,25.23,26.13,1009,89,23.29,94,1.45,overcast clouds
2020-10-18,14:00:00,23.78,24.72,1010,96,23.1,96,1.12,overcast clouds
2020-10-18,15:00:00,23.73,24.48,1009,89,21.81,40,0,scattered clouds
2020-10-18,16:00:00,23.68,24.58,1012,95,22.83,98,1.11,overcast clouds
2020-10-18,17:00:00,23.19,24.1,1012,97,22.69,96,1.22,overcast clouds
2020-10-18,18:00:00,23.16,24.01,1010,95,22.31,40,1,scattered clouds
2020-10-18,19:00:00,23.3,24.14,1011,94,22.28,98,1.04,overcast clouds
2020-10-18,20:00:00,22.96,23.77,1010,94,21.94,97,1.23,overcast clouds
2020-10-18,21:00:00,22.5,23.23,1009,93,21.31,98,1.23,overcast clouds
2020-10-18,22:00:00,22.24,23.0,1009,95,21.4,98,1.42,overcast clouds
2020-10-18,23:00:00,22.32,23.04,1009,93,21.13,95,1.45,overcast clouds
2020-10-19,00:00:00,22.64,23.44,1009,95,21.8,40,1,scattered clouds
2020-10-19,01:00:00,22.76,23.47,1010,91,21.21,96,1.73,overcast clouds
2020-10-19,02:00:00,24.92,25.69,1010,85,22.22,98,1.83,overcast clouds
2020-10-19,03:00:00,25.08,25.63,1009,76,20.55,40,2.6,scattered clouds
2020-10-19,04:00:00,25.74,26.59,1011,85,23.03,99,2.65,overcast clouds
2020-10-19,05:00:00,28.16,32.18,1011,78,23.96,98,3.69,overcast clouds
2020-10-19,06:00:00,28.05,32.54,1008,82,24.69,40,1,light rain
2020-10-19,07:00:00,27.99,31.92,1009,79,24.01,96,3.92,light rain
2020-10-19,08:00:00,28.71,33.17,1008,76,24.06,97,3.77,light rain
2020-10-19,09:00:00,28.9,30.72,1005,59,20.09,40,1.5,light rain
2020-10-19,10:00:00,26.58,26.58,1008,81,23.05,98,3.16,light rain
2020-10-19,11:00:00,25.78,26.61,1008,84,22.87,98,2.91,overcast clouds
2020-10-19,12:00:00,24.33,25.19,1008,91,22.77,95,2.1,overcast clouds
2020-10-19,13:00:00,23.97,24.82,1009,92,22.59,95,1.57,overcast clouds
2020-10-19,14:00:00,23.95,24.8,1010,92,22.57,91,1.38,overcast clouds
2020-10-19,15:00:00,23.85,24.67,1009,91,22.29,40,0,scattered clouds
2020-10-19,16:00:00,23.88,24.67,1011,90,22.14,90,1.59,overcast clouds
2020-10-19,17:00:00,23.24,24.0,1011,91,21.69,86,1.6,overcast clouds
2020-10-19,18:00:00,23.01,23.77,1010,92,21.64,40,0,scattered clouds
2020-10-19,19:00:00,23.26,23.99,1010,90,21.53,83,1.7,broken clouds
2020-10-19,20:00:00,23.0,23.76,1009,92,21.63,82,1.78,broken clouds
2020-10-19,21:00:00,22.59,23.31,1009,92,21.22,54,1.75,broken clouds
2020-10-19,22:00:00,21.84,22.51,1009,93,20.66,30,1.73,scattered clouds
2020-10-19,23:00:00,21.8,22.46,1009,93,20.62,38,1.82,scattered clouds
2020-10-20,00:00:00,21.94,22.46,1008,87,19.68,20,0,few clouds
2020-10-20,01:00:00,22.11,22.8,1010,93,20.92,56,2.05,broken clouds
2020-10-20,02:00:00,24.98,25.75,1010,85,22.28,54,2.07,broken clouds
2020-10-20,03:00:00,25.52,26.11,1009,76,20.98,40,0.5,scattered clouds
2020-10-20,04:00:00,25.61,26.47,1011,86,23.09,66,3.41,broken clouds
2020-10-20,05:00:00,28.18,32.23,1011,78,23.98,85,4.41,light rain
2020-10-20,06:00:00,28.23,30.7,1008,67,21.52,40,2.6,light rain
2020-10-20,07:00:00,28.23,32.19,1009,77,23.81,95,4.74,overcast clouds
2020-10-20,08:00:00,28.64,33.0,1008,76,23.99,92,4.73,light rain
2020-10-20,09:00:00,28.08,29.8,1005,62,20.12,40,2.1,light rain
2020-10-20,10:00:00,26.01,26.01,1008,80,22.29,92,3.88,overcast clouds
2020-10-20,11:00:00,25.65,26.39,1008,81,22.14,35,3.25,scattered clouds
2020-10-20,12:00:00,25.32,25.79,1007,72,19.91,20,1.5,few clouds
2020-10-20,13:00:00,24.97,25.69,1010,83,21.88,25,1.61,scattered clouds
2020-10-20,14:00:00,23.0,23.73,1010,91,21.45,23,1.58,few clouds
2020-10-20,15:00:00,23.36,23.92,1010,83,20.31,40,0,scattered clouds
2020-10-20,16:00:00,23.18,23.9,1012,90,21.45,14,1.78,few clouds
2020-10-20,17:00:00,22.89,23.58,1011,90,21.16,11,1.85,few clouds
2020-10-20,18:00:00,23.12,23.81,1010,89,21.21,20,0,few clouds
2020-10-20,19:00:00,23.1,23.84,1011,91,21.55,20,2.02,few clouds
2020-10-20,20:00:00,23.26,23.97,1010,89,21.35,36,1.98,scattered clouds
2020-10-20,21:00:00,22.95,23.65,1010,90,21.22,61,1.92,broken clouds
2020-10-20,22:00:00,22.7,23.43,1009,92,21.33,75,2.23,broken clouds
2020-10-20,23:00:00,22.63,23.38,1010,93,21.44,74,2.24,broken clouds
2020-10-21,00:00:00,22.86,23.45,1009,86,20.39,40,0,scattered clouds
2020-10-21,01:00:00,22.91,23.68,1011,93,21.72,75,2.15,broken clouds
2020-10-21,02:00:00,25.46,26.31,1012,86,22.95,95,3.11,overcast clouds
2020-10-21,03:00:00,25.67,26.54,1011,86,23.15,40,1.5,light rain
2020-10-21,04:00:00,25.76,26.74,1012,90,23.99,92,4.12,overcast clouds
2020-10-21,05:00:00,27.16,30.63,1012,85,24.42,76,4.24,light rain
2020-10-21,06:00:00,27.37,31.06,1010,84,24.43,40,0.5,light rain
2020-10-21,07:00:00,27.37,30.93,1010,83,24.23,98,4.17,light rain
2020-10-21,08:00:00,27.44,31.36,1009,85,24.69,100,4.07,light rain
2020-10-21,09:00:00,27.12,30.11,1007,81,23.58,40,1,scattered clouds
2020-10-21,10:00:00,25.68,26.63,1008,89,23.73,99,3.17,light rain
2020-10-21,11:00:00,25.32,26.21,1008,88,23.19,88,2.84,light rain
2020-10-21,12:00:00,24.98,25.57,1007,78,20.88,40,0.5,scattered clouds
2020-10-21,13:00:00,24.73,25.56,1010,88,22.61,51,2.16,broken clouds
2020-10-21,14:00:00,23.38,24.2,1010,93,22.18,47,2.13,scattered clouds
2020-10-21,15:00:00,23.43,24.07,1010,86,20.95,40,0.5,scattered clouds
2020-10-21,16:00:00,23.42,24.19,1011,91,21.87,56,2.06,broken clouds
2020-10-21,17:00:00,23.3,24.06,1011,91,21.75,78,2.07,broken clouds
2020-10-21,18:00:00,23.67,24.31,1010,85,21.0,40,0,scattered clouds
2020-10-21,19:00:00,23.65,24.42,1011,90,21.91,65,2.04,broken clouds
2020-10-21,20:00:00,23.63,24.42,1010,91,22.07,72,2.13,broken clouds
2020-10-21,21:00:00,23.12,23.86,1010,91,21.57,75,2.25,broken clouds
2020-10-21,22:00:00,22.48,23.24,1009,94,21.47,62,2.31,broken clouds
2020-10-21,23:00:00,22.52,23.28,1010,94,21.51,61,2.26,broken clouds
2020-10-22,00:00:00,22.69,23.21,1009,84,19.85,40,0,scattered clouds
2020-10-22,01:00:00,22.71,23.46,1011,93,21.52,70,2.34,broken clouds
2020-10-22,02:00:00,25.06,25.89,1012,87,22.74,69,2.51,broken clouds
2020-10-22,03:00:00,25.66,26.24,1011,75,20.9,40,1.5,scattered clouds
2020-10-22,04:00:00,25.83,26.77,1012,88,23.69,65,4.38,light rain
2020-10-22,05:00:00,27.52,31.31,1012,83,24.37,48,4.55,light rain
2020-10-22,06:00:00,27.44,30.99,1010,82,24.09,40,1.5,light intensity shower rain
2020-10-22,07:00:00,27.73,32.0,1009,84,24.78,42,4.96,light rain
2020-10-22,08:00:00,27.73,31.86,1009,83,24.58,29,4.92,light rain
2020-10-22,09:00:00,27.83,30.98,1007,75,22.99,40,6.7,scattered clouds
2020-10-22,10:00:00,25.92,26.79,1008,85,23.2,49,4.26,light rain
2020-10-22,11:00:00,25.49,26.37,1008,87,23.17,57,3.64,light rain
2020-10-22,12:00:00,25.16,25.72,1007,76,20.63,40,1,scattered clouds
2020-10-22,13:00:00,25.07,25.9,1010,87,22.75,54,2,broken clouds
2020-10-22,14:00:00,23.34,24.16,1011,93,22.14,46,1.69,scattered clouds
2020-10-22,15:00:00,23.33,23.99,1010,87,21.04,35,0,scattered clouds
2020-10-22,16:00:00,23.32,24.06,1012,90,21.59,46,1.79,scattered clouds
2020-10-22,17:00:00,22.79,23.53,1011,92,21.42,57,1.69,broken clouds
2020-10-22,18:00:00,22.71,23.52,1011,95,21.87,61,0,broken clouds
2020-10-22,19:00:00,22.85,23.59,1011,92,21.48,53,1.51,broken clouds
2020-10-22,20:00:00,22.45,23.18,1010,93,21.26,62,1.34,broken clouds
2020-10-22,21:00:00,22.04,22.75,1009,94,21.03,63,1.38,broken clouds
2020-10-22,22:00:00,21.57,22.24,1009,94,20.56,81,1.35,broken clouds
2020-10-22,23:00:00,21.48,22.14,1009,94,20.47,95,1.38,overcast clouds
2020-10-23,00:00:00,21.54,22.33,1009,99,21.38,95,1,overcast clouds
2020-10-23,01:00:00,22.16,22.83,1010,92,20.8,92,1.68,overcast clouds
2020-10-23,02:00:00,25.42,26.16,1011,82,22.12,75,1.9,broken clouds
2020-10-23,03:00:00,25.74,26.28,1011,73,20.54,82,0.5,broken clouds
2020-10-23,04:00:00,26.38,26.38,1012,82,23.06,94,3.71,overcast clouds
2020-10-23,05:00:00,28.55,32.79,1011,76,23.9,77,3.85,broken clouds
2020-10-23,06:00:00,28.75,31.06,1009,63,21.01,40,2.6,light rain
2020-10-23,07:00:00,28.4,32.6,1010,77,23.98,87,4.22,light rain
2020-10-23,08:00:00,28.09,32.17,1009,79,24.1,60,3.92,light rain
2020-10-23,09:00:00,28.19,29.73,1007,60,19.69,40,1.5,light rain
2020-10-23,10:00:00,26.11,26.11,1009,83,23.0,31,3.39,light rain
2020-10-23,11:00:00,25.96,25.96,1009,85,23.24,32,3.2,light rain
2020-10-23,12:00:00,25.66,26.14,1007,71,20.01,20,1,few clouds
2020-10-23,13:00:00,25.32,26.15,1010,86,22.81,11,1.44,few clouds
2020-10-23,14:00:00,23.68,24.48,1011,91,22.12,8,1.41,clear sky
2020-10-23,15:00:00,23.19,23.86,1010,88,21.09,15,0,few clouds
2020-10-23,16:00:00,23.1,23.84,1012,91,21.55,15,1.4,few clouds
2020-10-23,17:00:00,22.56,23.3,1012,93,21.37,14,1.48,few clouds
2020-10-23,18:00:00,22.59,23.41,1011,96,21.92,19,1,few clouds
2020-10-23,19:00:00,22.76,23.47,1011,91,21.21,13,1.44,few clouds
2020-10-23,20:00:00,22.78,23.46,1011,90,21.05,27,1.38,scattered clouds
2020-10-23,21:00:00,22.49,23.12,1010,89,20.59,43,1.34,scattered clouds
2020-10-23,22:00:00,22.04,22.7,1011,92,20.68,36,1.22,scattered clouds
2020-10-23,23:00:00,22.06,22.75,1011,93,20.88,30,1.39,scattered clouds
2020-10-24,00:00:00,21.97,22.7,1010,95,21.13,40,0,scattered clouds
2020-10-24,01:00:00,22.59,23.31,1011,92,21.22,89,1.69,overcast clouds
2020-10-24,02:00:00,25.21,26.03,1012,86,22.7,85,1.93,overcast clouds
2020-10-24,03:00:00,25.13,25.84,1012,82,21.84,40,0,light rain
2020-10-24,04:00:00,26.1,26.1,1013,88,23.96,79,3.15,light rain
2020-10-24,05:00:00,28.03,32.17,1013,80,24.25,86,3.42,light rain
2020-10-24,06:00:00,28.12,31.04,1010,71,22.36,40,0,light rain
2020-10-24,07:00:00,28.13,32.59,1011,81,24.56,95,3.46,light rain
2020-10-24,08:00:00,27.97,32.33,1011,82,24.61,92,2.75,light rain
2020-10-24,09:00:00,28.15,30.42,1008,66,21.2,40,1,light rain
2020-10-24,10:00:00,25.32,26.21,1010,88,23.19,72,2.27,broken clouds
2020-10-24,11:00:00,25.53,26.31,1010,83,22.43,94,2.03,light rain
2020-10-24,12:00:00,25.62,26.2,1010,75,20.86,75,1,broken clouds
2020-10-24,13:00:00,25.46,26.23,1011,83,22.36,75,1.35,broken clouds
2020-10-24,14:00:00,23.95,24.8,1012,92,22.57,53,1.21,broken clouds
2020-10-24,15:00:00,23.74,24.52,1012,90,22.0,75,0,broken clouds
2020-10-24,16:00:00,23.61,24.43,1013,92,22.23,72,1.33,broken clouds
2020-10-24,17:00:00,22.76,23.55,1013,94,21.74,88,1.37,overcast clouds
2020-10-24,18:00:00,22.66,23.49,1012,96,21.99,98,0,overcast clouds
2020-10-24,19:00:00,22.68,23.38,1012,91,21.13,97,1.35,overcast clouds
2020-10-24,20:00:00,22.36,23.05,1012,92,21.0,99,1.38,overcast clouds
2020-10-24,21:00:00,21.91,22.66,1011,96,21.24,99,0,overcast clouds
2020-10-24,22:00:00,21.07,21.66,1011,93,19.89,100,1.23,overcast clouds
2020-10-24,23:00:00,20.94,21.54,1011,94,19.94,100,1.32,overcast clouds
2020-10-25,00:00:00,21.39,22.09,1012,96,20.73,100,0,overcast clouds
2020-10-25,01:00:00,21.83,22.5,1012,93,20.65,94,1.58,overcast clouds
2020-10-25,02:00:00,25.54,26.34,1013,84,22.64,95,1.41,overcast clouds
2020-10-25,03:00:00,25.71,26.48,1013,82,22.4,89,0.5,overcast clouds
2020-10-25,04:00:00,26.16,26.16,1014,83,23.04,96,1.8,overcast clouds
2020-10-25,05:00:00,28.86,33.55,1013,76,24.2,97,2.14,light rain
2020-10-25,06:00:00,28.74,31.35,1011,65,21.51,40,1,light rain
2020-10-25,07:00:00,28.61,32.75,1012,75,23.74,95,2.91,overcast clouds
2020-10-25,08:00:00,28.71,32.99,1011,75,23.84,99,2.88,light rain
2020-10-25,09:00:00,29.33,31.95,1007,62,21.29,40,3.1,light rain
2020-10-25,10:00:00,27.15,29.97,1010,79,23.19,93,3,light rain
2020-10-25,11:00:00,25.79,26.59,1010,83,22.68,89,2.26,light rain
2020-10-25,12:00:00,25.67,26.12,1009,70,19.79,75,0.5,broken clouds
2020-10-25,13:00:00,25.13,26.02,1012,89,23.19,94,0.93,overcast clouds
2020-10-25,14:00:00,24.33,25.3,1012,95,23.48,99,0.6,overcast clouds
2020-10-25,15:00:00,24.08,24.82,1012,87,21.78,40,0,scattered clouds
2020-10-25,16:00:00,23.9,24.85,1013,96,23.22,70,0.82,broken clouds
2020-10-25,17:00:00,23.06,23.98,1013,98,22.73,72,0.7,broken clouds
2020-10-25,18:00:00,23.18,24.01,1012,94,22.16,100,0,overcast clouds
2020-10-25,19:00:00,23.06,23.88,1013,94,22.04,74,0.71,broken clouds
2020-10-25,20:00:00,22.75,23.56,1012,95,21.91,96,0.82,overcast clouds
2020-10-25,21:00:00,22.12,22.87,1011,95,21.28,95,0.78,overcast clouds
2020-10-25,22:00:00,21.58,22.33,1011,97,21.08,96,1.08,overcast clouds
2020-10-25,23:00:00,21.28,22.0,1011,97,20.78,95,1.24,overcast clouds
2020-10-26,00:00:00,21.71,22.44,1011,96,21.04,20,0,few clouds
2020-10-26,01:00:00,21.87,22.57,1012,94,20.86,88,1.43,overcast clouds
2020-10-26,02:00:00,24.5,25.23,1013,85,21.81,69,1.2,broken clouds
2020-10-26,03:00:00,25.7,26.34,1013,77,21.36,20,1,few clouds
2020-10-26,04:00:00,25.75,26.6,1014,85,23.04,87,1.47,overcast clouds
2020-10-26,05:00:00,28.9,33.65,1014,76,24.24,87,1.74,overcast clouds
2020-10-26,06:00:00,29.31,31.91,1010,62,21.27,20,1,few clouds
2020-10-26,07:00:00,29.0,33.69,1012,75,24.12,54,2.44,light rain
2020-10-26,08:00:00,29.29,33.78,1010,72,23.72,73,2.39,light rain
2020-10-26,09:00:00,29.8,33.46,1010,65,22.51,40,0.5,light rain
2020-10-26,10:00:00,26.92,29.84,1009,83,23.79,68,2.1,light rain
2020-10-26,11:00:00,25.99,25.99,1009,87,23.66,63,1.78,broken clouds
2020-10-26,12:00:00,26.07,26.07,1008,77,21.72,20,0.5,few clouds
2020-10-26,13:00:00,26.23,26.23,1011,87,23.89,27,0.51,scattered clouds
2020-10-26,14:00:00,24.6,25.54,1011,93,23.39,48,0.21,scattered clouds
2020-10-26,15:00:00,24.08,24.89,1011,90,22.34,40,0,thunderstorm
2020-10-26,16:00:00,24.15,25.13,1013,96,23.47,56,0.66,broken clouds
2020-10-26,17:00:00,23.48,24.44,1013,98,23.15,86,0.73,overcast clouds
2020-10-26,18:00:00,23.69,24.54,1011,93,22.49,75,0,broken clouds
2020-10-26,19:00:00,23.49,24.43,1012,97,22.99,97,0.59,overcast clouds
2020-10-26,20:00:00,23.4,24.33,1011,97,22.9,94,0.72,overcast clouds
2020-10-26,21:00:00,22.76,23.68,1010,99,22.59,98,0.69,light rain
2020-10-26,22:00:00,21.99,22.86,1010,100,21.99,99,0.44,light rain
2020-10-26,23:00:00,22.03,22.9,1010,100,22.03,99,0.59,overcast clouds
2020-10-27,00:00:00,22.19,22.95,1009,95,21.35,75,0,broken clouds
2020-10-27,01:00:00,22.06,22.91,1011,99,21.9,96,1,overcast clouds
2020-10-27,02:00:00,24.37,25.24,1012,91,22.8,89,0.33,overcast clouds
2020-10-27,03:00:00,24.82,25.73,1012,91,23.25,100,0,mist
2020-10-27,04:00:00,24.97,25.82,1013,88,22.84,84,1.52,broken clouds
2020-10-27,05:00:00,27.95,31.39,1012,76,23.32,95,1.95,light rain
2020-10-27,06:00:00,28.09,31.26,1009,73,22.79,20,0,light rain
2020-10-27,07:00:00,28.89,33.23,1011,74,23.79,99,2.36,light rain
2020-10-27,08:00:00,28.6,32.91,1010,76,23.95,99,1.78,light rain
2020-10-27,09:00:00,28.65,30.59,1006,61,20.39,40,1,light rain
2020-10-27,10:00:00,25.29,26.12,1008,86,22.78,100,1.13,light rain
2020-10-27,11:00:00,25.26,26.11,1009,87,22.94,99,1.15,light rain
2020-10-27,12:00:00,24.58,25.29,1008,84,21.7,40,0.5,thunderstorm
2020-10-27,13:00:00,24.18,25.0,1011,90,22.44,99,0.15,overcast clouds
2020-10-27,14:00:00,22.88,23.76,1012,97,22.38,99,0.42,overcast clouds
2020-10-27,15:00:00,23.2,23.93,1011,90,21.47,100,0,overcast clouds
2020-10-27,16:00:00,22.99,23.88,1013,97,22.49,99,0.56,overcast clouds
2020-10-27,17:00:00,22.36,23.24,1012,99,22.19,99,0.4,overcast clouds
2020-10-27,18:00:00,22.88,23.6,1011,91,21.33,100,0,overcast clouds
2020-10-27,19:00:00,22.63,23.46,1012,96,21.96,96,0.5,overcast clouds
2020-10-27,20:00:00,22.48,23.29,1011,96,21.81,99,0.45,overcast clouds
2020-10-27,21:00:00,21.42,22.18,1011,98,21.09,98,0.42,overcast clouds
2020-10-27,22:00:00,21.58,22.38,1010,99,21.42,93,0.84,overcast clouds
2020-10-27,23:00:00,21.75,22.54,1010,98,21.42,85,0.78,overcast clouds
2020-10-28,00:00:00,21.85,22.6,1010,96,21.18,75,0,broken clouds
2020-10-28,01:00:00,21.95,22.71,1012,96,21.28,76,0.62,broken clouds
2020-10-28,02:00:00,24.83,25.56,1013,84,21.94,68,0.5,broken clouds
2020-10-28,03:00:00,25.25,26.05,1012,85,22.55,20,0,mist
2020-10-28,04:00:00,25.45,26.17,1014,81,21.95,42,1.3,scattered clouds
2020-10-28,05:00:00,28.61,31.73,1013,69,22.36,48,1.61,scattered clouds
2020-10-28,06:00:00,28.75,31.85,1010,68,22.26,40,0.5,scattered clouds
2020-10-28,07:00:00,28.82,31.82,1011,67,22.08,53,1.87,broken clouds
2020-10-28,08:00:00,27.89,30.84,1010,73,22.6,75,2.18,light rain
2020-10-28,09:00:00,27.81,29.83,1007,66,20.88,75,1.5,light rain
2020-10-28,10:00:00,25.53,26.33,1010,84,22.63,90,2.17,light rain
2020-10-28,11:00:00,24.75,25.53,1010,86,22.25,82,2.02,broken clouds
2020-10-28,12:00:00,24.85,25.48,1009,80,21.16,84,0,mist
2020-10-28,13:00:00,24.65,25.52,1011,90,22.9,57,0.32,broken clouds
2020-10-28,14:00:00,23.12,24.02,1012,97,22.62,63,0.37,broken clouds
2020-10-28,15:00:00,23.18,23.93,1012,91,21.63,75,0,mist
2020-10-28,16:00:00,23.08,24.0,1014,98,22.75,70,0.56,broken clouds
2020-10-28,17:00:00,22.71,23.62,1014,99,22.54,89,0.56,overcast clouds
2020-10-28,18:00:00,22.95,23.76,1012,94,21.93,75,0,mist
2020-10-28,19:00:00,22.67,23.55,1013,98,22.34,100,0.35,overcast clouds
2020-10-28,20:00:00,22.62,23.5,1012,98,22.29,100,0.53,overcast clouds
2020-10-28,21:00:00,22.3,23.04,1011,94,21.29,75,0,mist
2020-10-28,22:00:00,21.37,22.12,1011,98,21.04,100,0.52,overcast clouds
2020-10-28,23:00:00,21.23,21.99,1011,99,21.07,96,0.47,overcast clouds
2020-10-29,00:00:00,21.45,22.24,1011,99,21.29,93,0,mist
2020-10-29,01:00:00,21.66,22.41,1012,97,21.16,99,0.88,overcast clouds
2020-10-29,02:00:00,24.43,25.17,1013,86,21.93,93,0.68,overcast clouds
2020-10-29,03:00:00,24.86,25.62,1012,85,22.16,99,0,overcast clouds
2020-10-29,04:00:00,25.39,26.18,1014,84,22.49,98,1.38,overcast clouds
2020-10-29,05:00:00,28.51,32.18,1013,73,23.2,91,1.87,overcast clouds
2020-10-29,06:00:00,28.6,31.87,1011,70,22.59,20,1.5,light rain
2020-10-29,07:00:00,28.49,31.8,1011,71,22.72,90,2.44,light rain
2020-10-29,08:00:00,27.9,31.56,1010,78,23.71,82,2.52,light rain
2020-10-29,09:00:00,27.89,29.4,1008,61,19.68,20,1.5,light rain
2020-10-29,10:00:00,25.8,26.76,1009,89,23.85,90,1.18,light rain
2020-10-29,11:00:00,25.72,26.65,1009,88,23.58,87,1.55,light rain
2020-10-29,12:00:00,25.38,26.01,1008,78,21.27,100,0,overcast clouds
2020-10-29,13:00:00,25.32,26.21,1011,88,23.19,94,0.63,overcast clouds
2020-10-29,14:00:00,23.37,24.3,1012,97,22.87,99,0.32,overcast clouds
2020-10-29,15:00:00,23.44,24.19,1012,90,21.71,40,0,scattered clouds
2020-10-29,16:00:00,23.23,24.14,1013,97,22.73,91,0.61,overcast clouds
2020-10-29,17:00:00,22.5,23.39,1013,99,22.33,96,0.62,overcast clouds
2020-10-29,18:00:00,22.81,23.6,1012,94,21.79,40,0,scattered clouds
2020-10-29,19:00:00,22.82,23.64,1012,95,21.98,94,0.66,overcast clouds
2020-10-29,20:00:00,22.18,22.96,1012,96,21.51,97,0.64,overcast clouds
2020-10-29,21:00:00,21.62,22.32,1010,95,20.78,40,0,scattered clouds
2020-10-29,22:00:00,21.29,22.01,1011,97,20.79,96,0.54,overcast clouds
2020-10-29,23:00:00,21.46,22.17,1011,96,20.8,93,0.58,overcast clouds
2020-10-30,00:00:00,21.5,22.21,1011,96,20.84,40,0,scattered clouds
2020-10-30,01:00:00,21.62,22.29,1012,94,20.61,68,0.76,broken clouds
2020-10-30,02:00:00,24.35,25.09,1013,86,21.86,39,0.66,scattered clouds
2020-10-30,03:00:00,24.66,25.35,1012,83,21.58,40,0,scattered clouds
2020-10-30,04:00:00,25.08,25.89,1013,86,22.57,47,1.42,scattered clouds
2020-10-30,05:00:00,28.32,31.76,1013,73,23.01,42,1.9,light rain
2020-10-30,06:00:00,28.39,30.3,1009,62,20.41,40,1,light rain
2020-10-30,07:00:00,27.98,31.31,1011,75,23.13,42,2.43,scattered clouds
2020-10-30,08:00:00,28.62,32.6,1010,74,23.53,34,2.78,light rain
2020-10-30,09:00:00,29.35,33.51,1007,70,23.31,40,2.1,light rain
2020-10-30,10:00:00,27.17,30.12,1009,80,23.42,87,2.58,light rain
2020-10-30,11:00:00,25.97,25.97,1009,82,22.66,74,1.86,broken clouds
2020-10-30,12:00:00,25.96,25.96,1008,76,21.4,100,0,overcast clouds
2020-10-30,13:00:00,25.23,26.08,1011,87,22.91,69,0.69,broken clouds
2020-10-30,14:00:00,23.71,24.59,1012,94,22.69,58,0.07,broken clouds
2020-10-30,15:00:00,23.78,24.54,1011,89,21.86,100,0,overcast clouds
2020-10-30,16:00:00,23.6,24.5,1013,95,22.75,87,0.47,overcast clouds
2020-10-30,17:00:00,22.88,23.76,1013,97,22.38,81,0.38,broken clouds
2020-10-30,18:00:00,23.09,23.83,1012,91,21.54,100,0,overcast clouds
2020-10-30,19:00:00,22.8,23.67,1012,97,22.3,87,0.53,overcast clouds
2020-10-30,20:00:00,22.45,23.31,1012,98,22.12,98,0.72,overcast clouds
2020-10-30,21:00:00,21.85,22.62,1010,97,21.35,40,0,scattered clouds
2020-10-30,22:00:00,21.87,22.67,1012,98,21.54,97,0.79,overcast clouds
2020-10-30,23:00:00,21.67,22.45,1011,98,21.34,92,0.84,overcast clouds
2020-10-31,00:00:00,21.92,22.62,1011,94,20.91,40,0,scattered clouds
2020-10-31,01:00:00,21.83,22.63,1012,98,21.5,74,0.9,broken clouds
2020-10-31,02:00:00,24.37,25.13,1013,87,22.07,61,0.55,broken clouds
2020-10-31,03:00:00,24.96,25.73,1012,85,22.26,40,0,scattered clouds
2020-10-31,04:00:00,25.19,25.98,1014,85,22.49,50,1.57,scattered clouds
2020-10-31,05:00:00,28.55,32.26,1013,73,23.24,77,1.87,broken clouds
2020-10-31,06:00:00,28.94,31.73,1010,65,21.7,40,3.1,scattered clouds
2020-10-31,07:00:00,28.85,32.95,1011,73,23.52,94,2.52,overcast clouds
2020-10-31,08:00:00,28.58,32.68,1011,75,23.71,98,2.68,light rain
2020-10-31,09:00:00,28.69,30.52,1007,60,20.16,40,0.5,light rain
2020-10-31,10:00:00,26.4,26.4,1009,82,23.08,91,1.95,light rain
2020-10-31,11:00:00,26.42,26.42,1009,84,23.5,86,1.6,overcast clouds
2020-10-31,12:00:00,26.27,26.27,1008,80,22.54,40,0.5,scattered clouds
2020-10-31,13:00:00,25.94,26.91,1011,89,23.99,96,1.09,overcast clouds
2020-10-31,14:00:00,24.55,25.46,1012,92,23.16,97,0.92,overcast clouds
2020-10-31,15:00:00,24.66,25.53,1011,90,22.91,40,0,scattered clouds
2020-10-31,16:00:00,24.67,25.62,1014,93,23.46,96,0.35,overcast clouds
2020-10-31,17:00:00,23.82,24.71,1014,94,22.8,96,0.38,overcast clouds
2020-10-31,18:00:00,23.76,24.65,1012,94,22.74,40,0,thunderstorm
2020-10-31,19:00:00,23.51,24.42,1013,96,22.83,98,0.69,overcast clouds
2020-10-31,20:00:00,23.18,24.06,1013,96,22.51,99,0.93,overcast clouds
2020-10-31,21:00:00,22.73,23.57,1011,96,22.06,100,0,fog
2020-10-31,22:00:00,22.49,23.38,1012,99,22.32,94,0.48,overcast clouds
2020-10-31,23:00:00,22.27,23.14,1012,99,22.11,98,0.77,overcast clouds
2020-11-01,00:00:00,22.65,23.4,1012,93,21.46,100,0,overcast clouds
2020-11-01,01:00:00,22.67,23.5,1013,96,22.0,94,1.15,overcast clouds
2020-11-01,02:00:00,24.79,25.62,1014,88,22.67,90,0.78,overcast clouds
2020-11-01,03:00:00,25.04,25.87,1013,87,22.72,40,0,mist
2020-11-01,04:00:00,25.97,25.97,1014,87,23.64,89,1.71,overcast clouds
2020-11-01,05:00:00,29.26,33.71,1014,72,23.69,88,2.11,overcast clouds
2020-11-01,06:00:00,29.27,32.93,1011,68,22.75,40,0.5,scattered clouds
2020-11-01,07:00:00,29.37,34.19,1012,73,24.02,46,2.48,scattered clouds
2020-11-01,08:00:00,29.25,34.32,1011,75,24.36,57,2.35,light rain
2020-11-01,09:00:00,29.22,31.41,1008,60,20.66,40,0.5,light rain
2020-11-01,10:00:00,27.27,30.35,1010,80,23.52,75,2.16,broken clouds
2020-11-01,11:00:00,27.23,30.48,1010,82,23.89,89,2.1,overcast clouds
2020-11-01,12:00:00,27.3,29.67,1009,73,22.03,75,0,broken clouds
2020-11-01,13:00:00,26.56,26.56,1012,85,23.83,72,1.1,broken clouds
2020-11-01,14:00:00,24.95,25.9,1013,92,23.56,30,1.08,scattered clouds
2020-11-01,15:00:00,24.91,25.73,1012,87,22.6,40,0,thunderstorm
2020-11-01,16:00:00,24.73,25.69,1014,93,23.52,42,0.43,scattered clouds
2020-11-01,17:00:00,24.06,25.03,1014,96,23.38,65,0.34,broken clouds
2020-11-01,18:00:00,24.19,25.09,1013,93,22.99,100,0,light intensity shower rain
2020-11-01,19:00:00,24.06,24.98,1014,94,23.03,89,0.47,overcast clouds
2020-11-01,20:00:00,23.68,24.61,1013,96,23.0,89,0.19,overcast clouds
2020-11-01,21:00:00,23.15,24.03,1011,96,22.48,100,0,light rain
2020-11-01,22:00:00,22.84,23.79,1012,100,22.84,89,0.4,overcast clouds
2020-11-01,23:00:00,22.8,23.75,1012,100,22.8,96,0.63,overcast clouds
2020-11-02,00:00:00,23.01,23.93,1011,98,22.68,100,0,light rain
2020-11-02,01:00:00,22.94,23.87,1013,99,22.77,95,0.78,overcast clouds
2020-11-02,02:00:00,24.52,25.43,1014,92,23.13,81,0.86,broken clouds
2020-11-02,03:00:00,24.91,25.83,1013,91,23.34,100,0,overcast clouds
2020-11-02,04:00:00,25.68,26.6,1015,88,23.54,81,1.58,broken clouds
2020-11-02,05:00:00,28.96,33.4,1014,74,23.86,82,1.88,broken clouds
2020-11-02,06:00:00,29.12,33.58,1012,73,23.78,100,0,overcast clouds
2020-11-02,07:00:00,28.84,33.3,1013,75,23.96,67,2.32,broken clouds
2020-11-02,08:00:00,29.49,34.48,1012,73,24.14,33,2.36,scattered clouds
2020-11-02,09:00:00,29.46,32.56,1009,64,21.94,75,0,broken clouds
2020-11-02,10:00:00,26.96,29.56,1010,79,23.01,45,2.11,scattered clouds
2020-11-02,11:00:00,26.09,26.09,1011,81,22.57,32,2.1,scattered clouds
2020-11-02,12:00:00,26.0,26.0,1010,76,21.44,100,0,overcast clouds
2020-11-02,13:00:00,25.84,26.73,1012,86,23.32,50,1.17,scattered clouds
2020-11-02,14:00:00,24.77,25.73,1014,93,23.56,65,0.19,broken clouds
2020-11-02,15:00:00,24.66,25.48,1013,88,22.54,40,0,thunderstorm with rain
2020-11-02,16:00:00,24.4,25.27,1015,91,22.83,87,0.13,overcast clouds
2020-11-02,17:00:00,23.54,24.46,1015,96,22.86,90,0.19,overcast clouds
2020-11-02,18:00:00,23.65,24.5,1013,93,22.45,40,0,scattered clouds
2020-11-02,19:00:00,23.61,24.48,1014,94,22.59,85,0.14,overcast clouds
2020-11-02,20:00:00,23.36,24.23,1013,95,22.51,85,0.11,overcast clouds
2020-11-02,21:00:00,22.87,23.72,1012,96,22.2,40,0,light rain
2020-11-02,22:00:00,22.22,23.08,1012,99,22.06,82,0.49,broken clouds
2020-11-02,23:00:00,21.93,22.76,1013,99,21.77,82,0.62,broken clouds
2020-11-03,00:00:00,22.22,23.06,1012,98,21.89,75,0,broken clouds
2020-11-03,01:00:00,22.39,23.22,1013,97,21.89,79,0.74,broken clouds
2020-11-03,02:00:00,25.1,25.91,1014,86,22.59,71,0.27,broken clouds
2020-11-03,03:00:00,25.44,26.34,1013,88,23.31,40,0,mist
2020-11-03,04:00:00,25.8,26.63,1014,84,22.89,33,1.25,scattered clouds
2020-11-03,05:00:00,28.97,33.23,1014,73,23.64,11,1.79,few clouds
2020-11-03,06:00:00,29.34,33.08,1011,68,22.82,40,1.5,scattered clouds
2020-11-03,07:00:00,29.23,33.85,1012,73,23.89,23,2.08,light rain
2020-11-03,08:00:00,29.85,34.68,1011,70,23.78,39,1.83,light rain
2020-11-03,09:00:00,30.01,32.46,1008,58,20.84,40,1,thunderstorm
2020-11-03,10:00:00,27.24,30.28,1010,80,23.49,73,1.57,light rain
2020-11-03,11:00:00,27.05,30.25,1010,84,24.11,81,1.6,light rain
2020-11-03,12:00:00,26.48,26.48,1009,75,21.69,100,1.5,light intensity shower rain
2020-11-03,13:00:00,26.01,26.01,1012,86,23.48,90,0.98,overcast clouds
2020-11-03,14:00:00,23.54,24.38,1013,93,22.34,92,0.56,overcast clouds
2020-11-03,15:00:00,23.62,24.49,1014,94,22.6,40,0,thunderstorm with rain
2020-11-03,16:00:00,23.44,24.32,1015,95,22.59,100,0.26,overcast clouds
2020-11-03,17:00:00,22.59,23.44,1015,97,22.09,100,0.26,light rain
2020-11-03,18:00:00,23.17,24.08,1013,97,22.67,100,0,light intensity shower rain
2020-11-03,19:00:00,23.09,23.94,1014,95,22.24,100,0.67,light rain
2020-11-03,20:00:00,22.68,23.54,1013,97,22.18,97,0.8,overcast clouds
2020-11-03,21:00:00,22.23,23.02,1011,96,21.56,100,0,light rain
2020-11-03,22:00:00,21.65,22.43,1011,98,21.32,99,0.68,overcast clouds
2020-11-03,23:00:00,21.67,22.45,1012,98,21.34,99,0.53,overcast clouds
2020-11-04,00:00:00,21.51,22.2,1012,95,20.68,20,0,mist
2020-11-04,01:00:00,21.7,22.46,1013,97,21.2,99,0.85,overcast clouds
2020-11-04,02:00:00,24.8,25.61,1013,87,22.49,100,0.2,overcast clouds
2020-11-04,03:00:00,25.12,26.01,1014,89,23.18,40,0,mist
2020-11-04,04:00:00,25.77,26.7,1014,88,23.63,95,1.24,overcast clouds
2020-11-04,05:00:00,29.25,34.76,1014,77,24.8,76,1.72,light rain
2020-11-04,06:00:00,29.26,31.82,1011,62,21.23,20,1,light rain
2020-11-04,07:00:00,28.99,34.29,1012,78,24.76,77,2.01,light rain
2020-11-04,08:00:00,28.78,33.35,1010,76,24.13,76,2.37,light rain
2020-11-04,09:00:00,28.76,31.54,1007,66,21.78,40,2.1,thunderstorm with rain
2020-11-04,10:00:00,24.23,25.11,1009,92,22.85,99,0.92,light rain
2020-11-04,11:00:00,24.12,24.99,1010,92,22.74,100,0.39,moderate rain
2020-11-04,12:00:00,23.68,24.45,1010,90,21.94,40,1,thunderstorm with rain
2020-11-04,13:00:00,23.46,24.32,1012,94,22.44,100,0.07,light rain
2020-11-04,14:00:00,21.96,22.82,1013,100,21.96,100,0.46,light rain
2020-11-04,15:00:00,22.06,22.83,1013,96,21.39,40,0,heavy intensity rain
2020-11-04,16:00:00,21.99,22.83,1014,99,21.83,100,1.08,light rain
2020-11-04,17:00:00,21.97,22.81,1014,99,21.81,100,1.51,light rain
2020-11-04,18:00:00,22.23,23.04,1012,97,21.73,100,0,light rain
2020-11-04,19:00:00,22.19,23.02,1012,98,21.86,100,1.36,light rain
2020-11-04,20:00:00,22.05,22.87,1012,98,21.72,94,1.15,overcast clouds
2020-11-04,21:00:00,21.88,22.68,1010,98,21.55,40,0,scattered clouds
2020-11-04,22:00:00,21.12,21.85,1011,98,20.79,94,1.16,light rain
2020-11-04,23:00:00,21.28,22.0,1011,97,20.78,77,0.92,broken clouds
2020-11-05,00:00:00,21.4,22.15,1011,98,21.07,40,0,light rain
2020-11-05,01:00:00,21.38,22.08,1012,96,20.72,63,1.35,light rain
2020-11-05,02:00:00,25.07,25.9,1013,87,22.75,49,1.12,scattered clouds
2020-11-05,03:00:00,25.81,26.59,1012,82,22.5,43,0,scattered clouds
2020-11-05,04:00:00,26.06,26.06,1014,84,23.14,33,0.63,scattered clouds
2020-11-05,05:00:00,29.4,33.83,1013,71,23.59,31,0.86,scattered clouds
2020-11-05,06:00:00,29.47,31.03,1010,55,19.48,40,0,light rain
2020-11-05,07:00:00,30.07,36.23,1011,74,24.92,45,1.14,light rain
2020-11-05,08:00:00,29.59,35.44,1010,76,24.91,84,1.67,light rain
2020-11-05,09:00:00,28.91,34.92,1008,82,25.52,40,0,light rain
2020-11-05,10:00:00,24.9,25.85,1011,92,23.51,97,0.84,heavy intensity rain
2020-11-05,11:00:00,24.12,25.04,1010,94,23.09,96,0.36,moderate rain
2020-11-05,12:00:00,24.19,24.94,1009,87,21.89,40,0,scattered clouds
2020-11-05,13:00:00,24.15,25.05,1012,93,22.95,84,0.37,light rain
2020-11-05,14:00:00,23.08,24.0,1013,98,22.75,86,0.55,light rain
2020-11-05,15:00:00,22.68,23.41,1014,92,21.31,40,0,thunderstorm with rain
2020-11-05,16:00:00,22.76,23.65,1014,98,22.43,88,0.71,overcast clouds
2020-11-05,17:00:00,22.51,23.38,1014,98,22.18,89,0.79,overcast clouds
2020-11-05,18:00:00,22.38,23.13,1013,94,21.37,40,0,light rain
2020-11-05,19:00:00,22.28,23.15,1014,99,22.11,92,0.81,overcast clouds
2020-11-05,20:00:00,21.97,22.81,1013,99,21.81,88,0.6,overcast clouds
2020-11-05,21:00:00,21.71,22.44,1012,96,21.04,40,0,scattered clouds
2020-11-05,22:00:00,21.67,22.45,1011,98,21.34,96,0.97,light rain
2020-11-05,23:00:00,21.67,22.43,1012,97,21.17,97,1.07,overcast clouds
2020-11-06,00:00:00,21.66,22.44,1012,98,21.33,40,0,scattered clouds
2020-11-06,01:00:00,22.0,22.76,1013,96,21.33,100,1.28,overcast clouds
2020-11-06,02:00:00,24.4,25.22,1014,89,22.47,97,0.99,overcast clouds
2020-11-06,03:00:00,25.04,25.82,1013,85,22.34,96,0,overcast clouds
2020-11-06,04:00:00,25.42,26.26,1015,86,22.91,92,0.92,overcast clouds
2020-11-06,05:00:00,28.74,32.69,1014,73,23.42,87,1.18,light rain
2020-11-06,06:00:00,28.7,30.97,1011,63,20.96,40,1,light rain
2020-11-06,07:00:00,28.62,32.42,1012,73,23.3,62,1.81,light rain
2020-11-06,08:00:00,27.32,30.58,1011,81,23.77,76,1.85,moderate rain
2020-11-06,09:00:00,27.55,29.82,1009,70,21.59,40,2.1,moderate rain
2020-11-06,10:00:00,25.04,25.9,1011,88,22.91,100,0.55,heavy intensity rain
2020-11-06,11:00:00,24.31,25.15,1012,90,22.56,99,0.31,moderate rain
2020-11-06,12:00:00,24.53,25.15,1011,81,21.05,100,1,light intensity shower rain
2020-11-06,13:00:00,24.61,25.53,1013,92,23.22,92,0.56,overcast clouds
2020-11-06,14:00:00,23.73,24.64,1014,95,22.88,86,0.64,overcast clouds
2020-11-06,15:00:00,23.33,24.07,1013,90,21.6,100,0,overcast clouds
2020-11-06,16:00:00,23.04,23.96,1015,98,22.71,49,1.1,scattered clouds
2020-11-06,17:00:00,22.73,23.64,1014,99,22.56,48,1.2,scattered clouds
2020-11-06,18:00:00,22.61,23.41,1014,95,21.77,20,0,few clouds
2020-11-06,19:00:00,22.62,23.5,1014,98,22.29,38,1.39,scattered clouds
2020-11-06,20:00:00,22.18,22.99,1013,97,21.68,51,1.48,broken clouds
2020-11-06,21:00:00,22.24,23.0,1011,95,21.4,33,0,scattered clouds
2020-11-06,22:00:00,21.59,22.34,1011,97,21.09,19,1.62,few clouds
2020-11-06,23:00:00,21.6,22.32,1012,96,20.93,15,1.42,few clouds
2020-11-07,00:00:00,22.02,21.58,1011,50,11.13,12,0,few clouds
2020-11-07,01:00:00,22.16,22.86,1013,93,20.97,15,1.87,few clouds
2020-11-07,02:00:00,24.79,25.6,1014,87,22.48,7,1.54,clear sky
2020-11-07,03:00:00,25.4,26.01,1013,77,21.07,20,1,few clouds
2020-11-07,04:00:00,25.78,26.58,1014,83,22.67,47,2.11,scattered clouds
2020-11-07,05:00:00,28.79,32.45,1014,71,23.01,26,2.51,scattered clouds
2020-11-07,06:00:00,29.09,32.37,1011,67,22.34,40,1.5,scattered clouds
2020-11-07,07:00:00,28.72,31.79,1012,68,22.23,24,2.27,light rain
2020-11-07,08:00:00,28.08,30.82,1011,70,22.09,50,2.35,light rain
2020-11-07,09:00:00,28.38,31.73,1009,72,22.84,40,0,moderate rain
2020-11-07,10:00:00,25.47,26.24,1010,83,22.37,54,2.42,moderate rain
2020-11-07,11:00:00,25.08,25.81,1010,83,21.99,56,1.75,moderate rain
2020-11-07,12:00:00,25.07,25.93,1010,88,22.94,20,0,thunderstorm
2020-11-07,13:00:00,25.01,25.89,1013,89,23.07,36,0.28,light rain
2020-11-07,14:00:00,23.77,24.6,1014,92,22.39,37,0.15,light rain
2020-11-07,15:00:00,23.22,24.1,1013,96,22.55,17,0,few clouds
2020-11-07,16:00:00,23.54,24.38,1015,93,22.34,36,0.96,scattered clouds
2020-11-07,17:00:00,22.96,23.77,1015,94,21.94,36,1,scattered clouds
2020-11-07,18:00:00,22.86,23.73,1014,97,22.36,34,0,scattered clouds
2020-11-07,19:00:00,22.79,23.63,1014,96,22.12,26,0.81,scattered clouds
2020-11-07,20:00:00,22.49,23.33,1013,97,21.99,25,0.87,scattered clouds
2020-11-07,21:00:00,22.14,22.92,1012,96,21.47,33,0,scattered clouds
2020-11-07,22:00:00,21.92,22.7,1012,97,21.42,53,1.05,broken clouds
2020-11-07,23:00:00,21.91,22.69,1012,97,21.41,59,1.01,broken clouds
2020-11-08,00:00:00,22.01,22.85,1012,99,21.85,40,0,light intensity drizzle
2020-11-08,01:00:00,22.33,23.07,1013,94,21.32,41,0.97,scattered clouds
2020-11-08,02:00:00,24.41,25.18,1014,87,22.1,31,0.52,scattered clouds
2020-11-08,03:00:00,25.01,25.81,1012,86,22.5,20,1,few clouds
2020-11-08,04:00:00,25.43,26.2,1015,83,22.33,26,1.32,scattered clouds
2020-11-08,05:00:00,28.07,30.8,1015,70,22.08,26,1.2,light rain
2020-11-08,06:00:00,27.27,31.15,1013,87,24.91,40,0,moderate rain
2020-11-08,07:00:00,27.4,29.97,1012,74,22.35,62,1.82,moderate rain
2020-11-08,08:00:00,25.16,25.95,1012,85,22.46,94,2.42,heavy intensity rain
2020-11-08,09:00:00,25.88,26.33,1009,69,19.76,40,0,thunderstorm with rain
2020-11-08,10:00:00,23.49,24.3,1011,92,22.11,93,0.29,overcast clouds
2020-11-08,11:00:00,23.45,24.25,1012,92,22.07,95,0.82,light rain
2020-11-08,12:00:00,22.76,23.47,1011,91,21.21,40,0,light rain
2020-11-08,13:00:00,22.52,23.28,1013,94,21.51,98,0.97,light rain
2020-11-08,14:00:00,22.2,22.96,1014,95,21.36,94,1.15,overcast clouds
2020-11-08,15:00:00,22.02,22.73,1014,94,21.01,40,0,scattered clouds
2020-11-08,16:00:00,21.96,22.69,1015,95,21.12,85,1.35,overcast clouds
2020-11-08,17:00:00,21.8,22.54,1015,96,21.13,69,1.36,broken clouds
2020-11-08,18:00:00,21.99,22.75,1014,96,21.32,40,0,scattered clouds
2020-11-08,19:00:00,21.79,22.53,1014,96,21.12,63,1.34,broken clouds
2020-11-08,20:00:00,21.7,22.43,1013,96,21.03,60,1.35,broken clouds
2020-11-08,21:00:00,21.54,22.13,1011,91,20.01,75,0,broken clouds
2020-11-08,22:00:00,21.35,22.05,1012,96,20.69,42,1.44,scattered clouds
2020-11-08,23:00:00,21.33,22.05,1012,97,20.83,48,1.25,scattered clouds
2020-11-09,00:00:00,21.78,22.52,1012,96,21.11,40,0,scattered clouds
2020-11-09,01:00:00,21.86,22.58,1012,95,21.02,75,1.59,broken clouds
2020-11-09,02:00:00,23.87,24.66,1013,90,22.13,54,1.55,broken clouds
2020-11-09,03:00:00,24.4,25.04,1012,82,21.13,20,0.5,few clouds
2020-11-09,04:00:00,24.34,25.08,1014,86,21.85,55,2.9,light rain
2020-11-09,05:00:00,27.0,29.46,1013,77,22.62,53,2.92,light rain
2020-11-09,06:00:00,26.96,29.29,1010,76,22.37,40,1,light rain
2020-11-09,07:00:00,26.39,26.39,1012,80,22.66,89,3.07,moderate rain
2020-11-09,08:00:00,25.21,26.03,1011,86,22.7,97,2.78,overcast clouds
2020-11-09,09:00:00,25.93,26.69,1008,81,22.42,100,0.5,light rain
2020-11-09,10:00:00,23.6,24.37,1009,90,21.86,95,2.87,light rain
2020-11-09,11:00:00,23.37,24.11,1009,90,21.64,98,2.45,light rain
2020-11-09,12:00:00,23.42,24.25,1009,93,22.22,40,0,light rain
2020-11-09,13:00:00,23.25,24.03,1011,92,21.88,97,1.53,overcast clouds
2020-11-09,14:00:00,22.32,23.09,1012,95,21.48,99,1.54,overcast clouds
2020-11-09,15:00:00,22.35,23.15,1012,96,21.68,100,0,light intensity shower rain
2020-11-09,16:00:00,22.39,23.17,1013,95,21.55,96,0.35,overcast clouds
2020-11-09,17:00:00,21.95,22.71,1013,96,21.28,94,1.32,overcast clouds
2020-11-09,18:00:00,22.14,22.92,1012,96,21.47,100,0.5,overcast clouds
2020-11-09,19:00:00,22.06,22.83,1012,96,21.39,100,0.74,heavy intensity rain
2020-11-09,20:00:00,21.78,22.52,1011,96,21.11,100,0.33,heavy intensity rain
2020-11-09,21:00:00,21.76,22.5,1009,96,21.09,100,0.5,light rain
2020-11-09,22:00:00,21.33,22.08,1009,98,21.0,100,2.01,heavy intensity rain
2020-11-09,23:00:00,21.33,22.05,1010,97,20.83,100,1.92,heavy intensity rain
2020-11-10,00:00:00,21.49,22.2,1010,96,20.83,75,0,moderate rain
2020-11-10,01:00:00,21.48,22.22,1011,97,20.98,100,1.69,moderate rain
2020-11-10,02:00:00,22.85,23.62,1011,93,21.66,100,1.71,light rain
2020-11-10,03:00:00,23.33,23.99,1011,87,21.04,75,0,light rain
2020-11-10,04:00:00,23.18,24.03,1012,95,22.33,100,0.99,light rain
2020-11-10,05:00:00,25.45,26.32,1012,87,23.13,100,0.93,light rain
2020-11-10,06:00:00,25.78,26.5,1009,80,22.07,40,0.5,light rain
2020-11-10,07:00:00,26.03,26.03,1010,86,23.5,100,1.51,light rain
2020-11-10,08:00:00,27.18,30.25,1009,81,23.63,100,1.37,light rain
2020-11-10,09:00:00,26.42,26.42,1007,77,22.06,75,0,light rain
2020-11-10,10:00:00,24.68,25.55,1008,90,22.93,100,1.26,moderate rain
2020-11-10,11:00:00,24.62,25.51,1008,91,23.05,100,1.46,moderate rain
2020-11-10,12:00:00,24.59,25.32,1007,85,21.9,75,0,broken clouds
2020-11-10,13:00:00,24.26,25.12,1009,91,22.7,100,1.08,overcast clouds
2020-11-10,14:00:00,22.87,23.72,1010,96,22.2,100,1,overcast clouds
2020-11-10,15:00:00,22.82,23.46,1010,88,20.73,75,0,broken clouds
2020-11-10,16:00:00,22.8,23.64,1012,96,22.13,100,1.17,overcast clouds
2020-11-10,17:00:00,22.27,23.06,1012,96,21.6,99,0.98,overcast clouds
2020-11-10,18:00:00,22.28,23.02,1011,94,21.27,75,0,light intensity shower rain
2020-11-10,19:00:00,22.39,23.19,1011,96,21.72,96,0.88,overcast clouds
2020-11-10,20:00:00,22.24,23.08,1010,98,21.91,90,0.94,overcast clouds
2020-11-10,21:00:00,22.07,22.79,1009,94,21.06,75,0,light rain
2020-11-10,22:00:00,21.61,22.41,1009,99,21.45,91,0.66,overcast clouds
2020-11-10,23:00:00,21.45,22.21,1010,98,21.12,83,0.51,broken clouds
2020-11-11,00:00:00,21.43,22.14,1010,96,20.77,75,0,broken clouds
2020-11-11,01:00:00,21.5,22.26,1011,98,21.17,61,0.97,broken clouds
2020-11-11,02:00:00,24.26,25.09,1012,90,22.51,84,1.03,broken clouds
2020-11-11,03:00:00,24.98,25.7,1011,83,21.89,40,0,scattered clouds
2020-11-11,04:00:00,25.26,26.17,1012,89,23.32,99,1.38,overcast clouds
2020-11-11,05:00:00,28.43,32.5,1012,76,23.79,100,1.71,light rain
2020-11-11,06:00:00,28.52,31.71,1009,70,22.51,40,0,moderate rain
2020-11-11,07:00:00,28.28,32.47,1010,78,24.07,88,1.72,heavy intensity rain
2020-11-11,08:00:00,27.74,31.46,1009,80,23.97,95,1.2,heavy intensity rain
2020-11-11,09:00:00,28.32,31.6,1006,72,22.79,75,0,heavy intensity rain
2020-11-11,10:00:00,25.55,26.48,1008,89,23.6,100,0.84,heavy intensity rain
2020-11-11,11:00:00,24.68,25.63,1008,93,23.47,100,0.54,heavy intensity rain
2020-11-11,12:00:00,24.75,25.55,1007,87,22.44,40,0.5,thunderstorm with rain
2020-11-11,13:00:00,24.49,25.37,1010,91,22.92,91,0.39,overcast clouds
2020-11-11,14:00:00,23.18,24.09,1011,97,22.68,83,0.61,light rain
2020-11-11,15:00:00,23.46,24.32,1011,94,22.44,40,0,thunderstorm with rain
2020-11-11,16:00:00,23.44,24.35,1013,96,22.77,99,1.05,light rain
2020-11-11,17:00:00,22.97,23.91,1013,99,22.8,100,0.79,light rain
2020-11-11,18:00:00,22.85,23.67,1011,95,22.01,20,0,light rain
2020-11-11,19:00:00,22.79,23.71,1012,99,22.62,100,0.38,light rain
2020-11-11,20:00:00,22.71,23.62,1011,99,22.54,100,0.57,overcast clouds
2020-11-11,21:00:00,22.34,23.19,1009,98,22.01,100,0,mist
2020-11-11,22:00:00,21.65,22.46,1010,99,21.49,100,0.77,overcast clouds
2020-11-11,23:00:00,21.65,22.46,1010,99,21.49,100,0.66,overcast clouds
2020-11-12,00:00:00,21.67,22.45,1010,98,21.34,20,0,mist
2020-11-12,01:00:00,21.55,22.32,1011,98,21.22,100,0.96,overcast clouds
2020-11-12,02:00:00,24.26,25.12,1012,91,22.7,100,1.25,overcast clouds
2020-11-12,03:00:00,24.91,25.73,1012,87,22.6,20,0,few clouds
2020-11-12,04:00:00,25.04,25.95,1013,90,23.28,100,1.05,overcast clouds
2020-11-12,05:00:00,28.22,32.33,1013,78,24.02,99,0.91,light rain
2020-11-12,06:00:00,28.52,31.09,1010,66,21.55,40,1.5,light rain
2020-11-12,07:00:00,28.77,33.91,1011,79,24.76,97,1.17,heavy intensity rain
2020-11-12,08:00:00,27.78,31.42,1010,79,23.8,97,0.89,moderate rain
2020-11-12,09:00:00,27.31,30.33,1007,79,23.35,75,2.6,moderate rain
2020-11-12,10:00:00,24.86,25.75,1009,90,23.11,100,0.62,heavy intensity rain
2020-11-12,11:00:00,24.8,25.74,1009,92,23.41,100,0.49,moderate rain
2020-11-12,12:00:00,24.82,25.68,1009,89,22.88,40,0,moderate rain
2020-11-12,13:00:00,24.73,25.69,1011,93,23.52,100,0.32,light rain
2020-11-12,14:00:00,23.42,24.38,1012,98,23.09,100,0.31,moderate rain
2020-11-12,15:00:00,23.6,24.44,1012,93,22.4,40,0,light rain
2020-11-12,16:00:00,23.27,24.21,1013,98,22.94,100,0.69,overcast clouds
2020-11-12,17:00:00,23.14,24.07,1013,98,22.81,100,0.6,overcast clouds
2020-11-12,18:00:00,23.36,24.26,1012,96,22.69,40,0,scattered clouds
2020-11-12,19:00:00,23.18,24.14,1012,99,23.01,100,1.11,light rain
2020-11-12,20:00:00,22.96,23.9,1011,99,22.79,98,0.88,overcast clouds
2020-11-12,21:00:00,22.6,23.47,1010,98,22.27,20,0,few clouds
2020-11-12,22:00:00,22.27,23.14,1011,99,22.11,92,0.61,moderate rain
2020-11-12,23:00:00,21.98,22.82,1011,99,21.82,96,0.9,light rain
2020-11-13,00:00:00,22.44,23.3,1010,98,22.11,40,0,scattered clouds
2020-11-13,01:00:00,22.71,23.57,1010,97,22.21,73,1.19,broken clouds
2020-11-13,02:00:00,25.22,26.15,1012,90,23.46,77,0.46,broken clouds
2020-11-13,03:00:00,25.68,26.5,1010,84,22.77,20,0.5,few clouds
2020-11-13,04:00:00,25.97,25.97,1012,88,23.83,91,0.76,overcast clouds
2020-11-13,05:00:00,28.37,33.04,1012,80,24.58,90,1.25,light rain
2020-11-13,06:00:00,28.7,30.68,1009,61,20.44,40,1,light rain
2020-11-13,07:00:00,28.8,34.4,1010,81,25.21,96,1.48,light rain
2020-11-13,08:00:00,27.73,32.44,1009,87,25.37,98,1.09,light rain
2020-11-13,09:00:00,27.45,31.39,1007,85,24.7,40,1,light rain
2020-11-13,10:00:00,24.56,25.5,1008,93,23.35,100,0.94,heavy intensity rain
2020-11-13,11:00:00,24.69,25.64,1009,93,23.48,100,0.9,moderate rain
2020-11-13,12:00:00,24.64,25.56,1008,92,23.25,40,0,thunderstorm
2020-11-13,13:00:00,24.23,25.16,1010,94,23.2,100,0.9,overcast clouds
2020-11-13,14:00:00,23.09,24.01,1011,98,22.76,100,1.17,overcast clouds
2020-11-13,15:00:00,22.9,23.73,1012,95,22.06,40,0,moderate rain
2020-11-13,16:00:00,22.86,23.76,1012,98,22.53,100,1.18,overcast clouds
2020-11-13,17:00:00,22.45,23.34,1013,99,22.28,100,1.37,overcast clouds
2020-11-13,18:00:00,22.34,23.14,1011,96,21.67,100,0,overcast clouds
2020-11-13,19:00:00,22.28,23.12,1012,98,21.95,100,1.38,overcast clouds
2020-11-13,20:00:00,22.09,22.89,1010,97,21.59,100,1.26,overcast clouds
2020-11-13,21:00:00,21.95,22.76,1009,98,21.62,100,0,overcast clouds
2020-11-13,22:00:00,21.68,22.44,1009,97,21.18,97,1.09,overcast clouds
2020-11-13,23:00:00,21.57,22.32,1009,97,21.07,95,1.04,overcast clouds
2020-11-14,00:00:00,21.46,22.25,1009,99,21.3,20,0.5,few clouds
2020-11-14,01:00:00,21.72,22.45,1010,96,21.05,89,1.46,overcast clouds
2020-11-14,02:00:00,23.99,24.79,1011,90,22.25,91,1.23,overcast clouds
2020-11-14,03:00:00,24.41,25.31,1011,92,23.02,40,0.5,scattered clouds
2020-11-14,04:00:00,24.88,25.7,1012,87,22.57,85,1.93,overcast clouds
2020-11-14,05:00:00,27.92,31.61,1011,78,23.73,75,2.14,light rain
2020-11-14,06:00:00,28.38,32.21,1009,75,23.52,40,0.5,light rain
2020-11-14,07:00:00,27.51,30.19,1010,74,22.46,80,2.29,broken clouds
2020-11-14,08:00:00,26.87,29.54,1008,81,23.33,83,1.98,moderate rain
2020-11-14,09:00:00,27.8,31.6,1005,80,24.03,100,0.5,light intensity shower rain
2020-11-14,10:00:00,24.58,25.39,1006,88,22.46,74,2.03,light rain
2020-11-14,11:00:00,24.48,25.28,1006,88,22.36,71,2.17,broken clouds
2020-11-14,12:00:00,24.57,25.3,1006,85,21.88,40,0.5,light rain
2020-11-14,13:00:00,24.01,24.79,1008,89,22.08,48,1.5,scattered clouds
2020-11-14,14:00:00,23.43,24.26,1010,93,22.23,49,1.39,scattered clouds
2020-11-14,15:00:00,23.38,24.23,1009,94,22.36,100,0.5,thunderstorm
2020-11-14,16:00:00,23.23,24.04,1011,93,22.03,40,1.23,scattered clouds
2020-11-14,17:00:00,22.67,23.5,1011,96,22.0,48,1.16,scattered clouds
2020-11-14,18:00:00,22.7,23.53,1010,96,22.03,20,0.5,few clouds
2020-11-14,19:00:00,22.71,23.57,1010,97,22.21,47,0.9,scattered clouds
2020-11-14,20:00:00,22.39,23.27,1009,99,22.22,25,0.88,scattered clouds
2020-11-14,21:00:00,22.39,23.24,1007,98,22.06,20,0,few clouds
2020-11-14,22:00:00,21.71,22.52,1007,99,21.55,11,0.87,few clouds
2020-11-14,23:00:00,21.49,22.28,1008,99,21.33,12,0.63,few clouds
2020-11-15,00:00:00,21.66,22.44,1007,98,21.33,40,0,scattered clouds
2020-11-15,01:00:00,21.92,22.7,1009,97,21.42,18,1.16,few clouds
2020-11-15,02:00:00,24.46,25.29,1010,89,22.53,12,0.92,few clouds
2020-11-15,03:00:00,25.43,26.4,1009,91,23.85,4,0,clear sky
2020-11-15,04:00:00,25.78,26.66,1011,86,23.26,32,0.6,scattered clouds
2020-11-15,05:00:00,28.97,33.82,1010,76,24.31,58,0.39,broken clouds
2020-11-15,06:00:00,29.53,31.96,1007,60,20.95,20,1,moderate rain
2020-11-15,07:00:00,28.72,33.39,1009,77,24.29,98,1.05,moderate rain
2020-11-15,08:00:00,28.62,33.7,1008,80,24.83,97,1.48,heavy intensity rain
2020-11-15,09:00:00,28.27,31.35,1004,71,22.51,40,2.6,heavy intensity rain
2020-11-15,10:00:00,24.84,25.83,1007,94,23.81,99,1,heavy intensity rain
2020-11-15,11:00:00,24.71,25.66,1006,93,23.5,97,0.6,heavy intensity rain
2020-11-15,12:00:00,24.58,25.47,1007,91,23.01,100,0.5,light rain
2020-11-15,13:00:00,24.27,25.29,1009,97,23.76,98,0.5,very heavy rain
2020-11-15,14:00:00,23.48,24.47,1010,99,23.31,98,0.27,heavy intensity rain
2020-11-15,15:00:00,23.36,24.18,1010,93,22.16,40,0,scattered clouds
2020-11-15,16:00:00,23.3,24.3,1011,100,23.3,97,0.16,heavy intensity rain
2020-11-15,17:00:00,22.92,23.85,1011,99,22.75,98,0.42,heavy intensity rain
2020-11-15,18:00:00,22.88,23.73,1009,96,22.21,40,0,heavy intensity rain
2020-11-15,19:00:00,22.71,23.62,1011,99,22.54,100,0.44,moderate rain
2020-11-15,20:00:00,22.52,23.44,1010,100,22.52,100,0.53,moderate rain
2020-11-15,21:00:00,21.99,22.86,1010,100,21.99,100,0.38,moderate rain
2020-11-15,22:00:00,21.87,22.72,1009,100,21.87,100,0.3,moderate rain
2020-11-15,23:00:00,21.88,22.73,1009,100,21.88,100,0.72,moderate rain
2020-11-16,00:00:00,22.26,23.05,1008,96,21.59,100,0,moderate rain
2020-11-16,01:00:00,22.35,23.2,1011,98,22.02,100,0.67,moderate rain
2020-11-16,02:00:00,23.4,24.33,1012,97,22.9,100,0.6,moderate rain
2020-11-16,03:00:00,23.58,24.42,1012,93,22.38,75,0,moderate rain
2020-11-16,04:00:00,23.94,24.84,1013,94,22.91,100,0.53,light rain
2020-11-16,05:00:00,26.15,26.15,1013,87,23.81,100,0.94,light rain
2020-11-16,06:00:00,26.11,26.11,1011,86,23.58,75,0,light intensity shower rain
2020-11-16,07:00:00,25.34,26.2,1011,87,23.02,100,1.33,heavy intensity rain
2020-11-16,08:00:00,25.01,25.86,1010,88,22.88,100,1.1,moderate rain
2020-11-16,09:00:00,24.97,25.85,1008,89,23.03,100,0,light rain
2020-11-16,10:00:00,23.86,24.7,1008,92,22.48,100,0.72,light rain
2020-11-16,11:00:00,23.97,24.82,1009,92,22.59,100,0.41,light rain
2020-11-16,12:00:00,24.05,24.83,1008,89,22.12,100,0,light rain
2020-11-16,13:00:00,23.77,24.66,1010,94,22.75,100,0.72,light rain
2020-11-16,14:00:00,22.99,23.85,1011,96,22.32,100,0.7,light rain
2020-11-16,15:00:00,23.07,23.76,1009,89,21.16,100,2.6,light rain
2020-11-16,16:00:00,23.11,23.96,1012,95,22.26,100,1.23,overcast clouds
2020-11-16,17:00:00,22.9,23.73,1012,95,22.06,100,1.46,overcast clouds
2020-11-16,18:00:00,23.06,23.88,1012,94,22.04,100,1.52,overcast clouds
2020-11-16,19:00:00,22.94,23.74,1011,94,21.92,100,1.3,moderate rain
2020-11-16,20:00:00,22.78,23.57,1011,94,21.76,100,1.44,moderate rain
2020-11-16,21:00:00,22.0,22.76,1009,96,21.33,100,0.5,light rain
2020-11-16,22:00:00,21.98,22.77,1009,97,21.48,100,1.22,moderate rain
2020-11-16,23:00:00,21.94,22.72,1010,97,21.44,100,1.62,moderate rain
2020-11-17,00:00:00,21.91,22.66,1009,96,21.24,100,0,moderate rain
2020-11-17,01:00:00,21.96,22.74,1010,97,21.46,100,1.74,heavy intensity rain
2020-11-17,02:00:00,23.95,24.75,1011,90,22.21,100,1.7,heavy intensity rain
2020-11-17,03:00:00,24.14,24.88,1010,87,21.84,75,1.5,heavy intensity rain
2020-11-17,04:00:00,24.21,25.01,1012,89,22.28,100,1.37,heavy intensity rain
2020-11-17,05:00:00,26.63,26.63,1012,79,22.69,100,1.51,moderate rain
2020-11-17,06:00:00,27.04,29.36,1009,75,22.23,20,1,moderate rain
2020-11-17,07:00:00,27.12,29.91,1010,79,23.16,100,1.4,light rain
2020-11-17,08:00:00,27.09,30.04,1009,81,23.55,100,0.68,light rain
2020-11-17,09:00:00,27.44,29.02,1005,64,20.03,40,1,heavy intensity rain
2020-11-17,10:00:00,24.87,25.74,1008,89,22.93,100,0.22,moderate rain
2020-11-17,11:00:00,24.71,25.59,1009,90,22.96,100,0.36,moderate rain
2020-11-17,12:00:00,24.35,25.11,1007,87,22.05,100,1,moderate rain
2020-11-17,13:00:00,23.82,24.69,1010,93,22.62,100,0.61,moderate rain
2020-11-17,14:00:00,22.32,23.19,1011,99,22.15,100,0.7,heavy intensity rain
2020-11-17,15:00:00,22.31,23.0,1011,92,20.95,100,0,heavy intensity rain
2020-11-17,16:00:00,22.32,23.19,1012,99,22.15,100,0.54,moderate rain
2020-11-17,17:00:00,21.9,22.7,1013,98,21.57,99,0.3,light rain
2020-11-17,18:00:00,21.83,22.44,1012,91,20.29,100,0,light rain
2020-11-17,19:00:00,21.75,22.54,1012,98,21.42,100,0.65,overcast clouds
2020-11-17,20:00:00,21.64,22.44,1012,99,21.48,99,0.85,overcast clouds
2020-11-17,21:00:00,21.49,22.2,1009,96,20.83,40,0,light rain
2020-11-17,22:00:00,21.08,21.78,1009,97,20.59,98,0.78,overcast clouds
2020-11-17,23:00:00,21.21,21.95,1010,98,20.88,99,1.12,overcast clouds
2020-11-18,00:00:00,21.37,22.07,1009,96,20.71,99,0,overcast clouds
2020-11-18,01:00:00,21.45,22.13,1011,95,20.62,100,1.53,overcast clouds
2020-11-18,02:00:00,23.73,24.46,1012,88,21.62,100,1.29,overcast clouds
2020-11-18,03:00:00,24.57,25.43,1011,90,22.82,75,0,broken clouds
2020-11-18,04:00:00,24.74,25.49,1013,85,22.05,100,0.95,overcast clouds
2020-11-18,05:00:00,28.27,31.96,1012,75,23.41,99,0.75,overcast clouds
2020-11-18,06:00:00,28.4,30.87,1010,66,21.44,20,0,few clouds
2020-11-18,07:00:00,28.75,32.9,1011,74,23.65,100,1.58,light rain
2020-11-18,08:00:00,28.53,32.74,1010,76,23.88,100,0.91,moderate rain
2020-11-18,09:00:00,28.2,31.8,1008,75,23.35,40,1,thunderstorm
2020-11-18,10:00:00,24.21,25.04,1009,90,22.46,100,1.42,heavy intensity rain
2020-11-18,11:00:00,24.04,24.85,1009,90,22.3,100,0.69,moderate rain
2020-11-18,12:00:00,23.86,24.7,1010,92,22.48,40,0,thunderstorm with rain
2020-11-18,13:00:00,24.09,24.93,1011,91,22.53,100,0.37,heavy intensity rain
2020-11-18,14:00:00,22.52,23.33,1012,96,21.85,100,0.28,heavy intensity rain
2020-11-18,15:00:00,22.33,23.18,1012,98,22.0,40,0,light rain
2020-11-18,16:00:00,22.56,23.38,1014,96,21.89,100,0.42,moderate rain
2020-11-18,17:00:00,22.39,23.22,1014,97,21.89,100,0.48,moderate rain
2020-11-18,18:00:00,22.49,23.35,1012,98,22.16,40,0,light rain
2020-11-18,19:00:00,22.34,23.21,1013,99,22.17,100,0.52,heavy intensity rain
2020-11-18,20:00:00,22.14,22.99,1012,99,21.98,100,0.91,heavy intensity rain
2020-11-18,21:00:00,21.6,22.32,1010,96,20.93,40,0,heavy intensity rain
2020-11-18,22:00:00,21.66,22.44,1010,98,21.33,100,0.99,moderate rain
2020-11-18,23:00:00,21.63,22.41,1011,98,21.3,100,0.98,moderate rain
2020-11-19,00:00:00,21.5,22.26,1011,98,21.17,100,0,light rain
2020-11-19,01:00:00,21.53,22.3,1012,98,21.2,100,0.44,light rain
2020-11-19,02:00:00,24.59,25.43,1013,89,22.66,98,0.33,overcast clouds
2020-11-19,03:00:00,25.0,25.85,1012,88,22.87,93,0,overcast clouds
2020-11-19,04:00:00,25.45,26.3,1014,86,22.94,86,0.63,overcast clouds
2020-11-19,05:00:00,28.24,32.21,1013,77,23.82,78,1.13,broken clouds
2020-11-19,06:00:00,28.4,30.87,1010,66,21.44,20,0,light rain
2020-11-19,07:00:00,28.36,32.0,1011,74,23.28,97,1.94,moderate rain
2020-11-19,08:00:00,27.66,30.75,1010,76,23.04,92,1.63,moderate rain
2020-11-19,09:00:00,27.09,29.1,1008,71,21.38,40,0,heavy intensity rain
2020-11-19,10:00:00,24.71,25.46,1010,85,22.02,99,1.93,heavy intensity rain
2020-11-19,11:00:00,24.56,25.34,1010,87,22.25,92,1.24,heavy intensity rain
2020-11-19,12:00:00,25.01,25.76,1008,84,22.12,75,0.5,light rain
2020-11-19,13:00:00,24.8,25.63,1011,88,22.68,83,1.49,light rain
2020-11-19,14:00:00,23.59,24.43,1012,93,22.39,86,1.67,overcast clouds
2020-11-19,15:00:00,23.53,24.11,1011,83,20.48,40,1,thunderstorm
2020-11-19,16:00:00,23.26,24.07,1013,93,22.06,54,1.41,broken clouds
2020-11-19,17:00:00,22.26,23.02,1013,95,21.42,47,1.37,scattered clouds
2020-11-19,18:00:00,22.27,22.93,1006,91,20.73,46,2.1,scattered clouds
2020-11-19,19:00:00,22.16,22.89,1012,94,21.15,42,1.27,scattered clouds
2020-11-19,20:00:00,22.05,22.79,1012,95,21.21,28,1.14,scattered clouds
2020-11-19,21:00:00,21.74,22.45,1011,95,20.9,32,1.04,scattered clouds
2020-11-19,22:00:00,21.08,21.78,1011,97,20.59,64,0.9,broken clouds
2020-11-19,23:00:00,21.02,21.68,1011,96,20.36,72,0.86,broken clouds
2020-11-20,00:00:00,21.07,21.74,1010,96,20.41,68,0,broken clouds
2020-11-20,01:00:00,21.23,21.92,1012,96,20.57,67,0.92,broken clouds
2020-11-20,02:00:00,24.25,25.0,1013,87,21.95,60,0.69,broken clouds
2020-11-20,03:00:00,24.89,25.47,1012,78,20.79,20,0,few clouds
2020-11-20,04:00:00,24.86,25.62,1013,85,22.16,36,0.69,scattered clouds
2020-11-20,05:00:00,27.2,29.58,1013,74,22.16,63,1.28,broken clouds
2020-11-20,06:00:00,27.93,30.4,1009,69,21.71,40,0.5,light rain
2020-11-20,07:00:00,28.02,31.26,1011,74,22.95,74,1.55,light rain
2020-11-20,08:00:00,26.81,29.0,1010,76,22.22,72,1.28,light rain
2020-11-20,09:00:00,26.56,26.56,1006,66,19.69,40,0,moderate rain
2020-11-20,10:00:00,23.84,24.58,1010,88,21.73,93,1.51,heavy intensity rain
2020-11-20,11:00:00,23.81,24.6,1010,90,22.07,88,0.48,moderate rain
2020-11-20,12:00:00,23.95,24.67,1009,87,21.65,40,0,light rain
2020-11-20,13:00:00,23.43,24.2,1011,91,21.88,94,0.99,light rain
2020-11-20,14:00:00,22.27,23.03,1012,95,21.43,100,1,overcast clouds
2020-11-20,15:00:00,22.1,22.82,1012,94,21.09,100,0,light rain
2020-11-20,16:00:00,22.06,22.85,1014,97,21.56,97,1.1,overcast clouds
2020-11-20,17:00:00,21.95,22.71,1013,96,21.28,79,0.97,broken clouds
2020-11-20,18:00:00,21.84,22.4,1012,89,19.95,40,0,scattered clouds
2020-11-20,19:00:00,21.59,22.34,1013,97,21.09,66,0.94,broken clouds
2020-11-20,20:00:00,21.41,22.11,1012,96,20.75,62,1.07,light rain
2020-11-20,21:00:00,20.89,21.57,1012,97,20.4,69,1.11,light rain
2020-11-20,22:00:00,21.38,22.13,1011,98,21.05,94,1.12,light rain
2020-11-20,23:00:00,21.44,22.17,1011,97,20.94,94,1.24,light rain
2020-11-21,00:00:00,21.51,22.22,1010,96,20.85,75,0,light rain
2020-11-21,01:00:00,21.65,22.35,1012,95,20.81,90,1.16,overcast clouds
2020-11-21,02:00:00,23.4,24.2,1013,92,22.03,77,0.94,broken clouds
2020-11-21,03:00:00,23.91,24.71,1014,90,22.17,40,0,scattered clouds
2020-11-21,04:00:00,24.15,24.89,1014,87,21.85,100,1.93,overcast clouds
2020-11-21,05:00:00,27.05,29.2,1013,73,21.79,100,2.31,overcast clouds
2020-11-21,06:00:00,27.43,29.01,1010,64,20.02,40,0,scattered clouds
2020-11-21,07:00:00,27.34,29.54,1011,71,21.62,100,2.78,overcast clouds
2020-11-21,08:00:00,26.97,28.97,1010,72,21.49,100,3.01,overcast clouds
2020-11-21,09:00:00,26.67,28.18,1008,68,20.28,40,0,scattered clouds
2020-11-21,10:00:00,24.42,25.11,1009,84,21.54,100,1.95,overcast clouds
2020-11-21,11:00:00,24.07,24.75,1010,85,21.39,100,1.81,light rain
2020-11-21,12:00:00,23.74,24.57,1010,92,22.36,100,0,light rain
2020-11-21,13:00:00,23.4,24.09,1012,88,21.3,100,1.53,overcast clouds
2020-11-21,14:00:00,22.43,23.1,1013,91,20.89,100,1.56,overcast clouds
2020-11-21,15:00:00,22.31,23.0,1013,92,20.95,100,0,light rain
2020-11-21,16:00:00,22.39,23.11,1014,93,21.2,100,1.65,overcast clouds
2020-11-21,17:00:00,22.15,22.88,1014,94,21.14,100,1.42,overcast clouds
2020-11-21,18:00:00,22.2,22.88,1013,92,20.84,100,0,overcast clouds
2020-11-21,19:00:00,22.35,23.1,1013,94,21.34,100,1.13,light rain
2020-11-21,20:00:00,22.07,22.87,1012,97,21.57,100,1.22,overcast clouds
2020-11-21,21:00:00,21.92,22.67,1011,96,21.25,100,0,light rain
2020-11-21,22:00:00,21.39,22.12,1011,97,20.89,100,1.31,overcast clouds
2020-11-21,23:00:00,21.33,22.05,1011,97,20.83,100,1.29,overcast clouds
2020-11-22,00:00:00,21.19,21.87,1011,96,20.53,100,0,light rain
2020-11-22,01:00:00,21.43,22.14,1012,96,20.77,100,1.29,overcast clouds
2020-11-22,02:00:00,23.13,23.9,1013,92,21.76,100,1.29,overcast clouds
2020-11-22,03:00:00,23.56,24.37,1013,92,22.18,100,0,overcast clouds
2020-11-22,04:00:00,23.92,24.61,1014,86,21.43,100,1.48,overcast clouds
2020-11-22,05:00:00,25.38,25.98,1013,77,21.06,100,1.76,light rain
2020-11-22,06:00:00,24.95,25.51,1011,77,20.64,100,0,light rain
2020-11-22,07:00:00,24.46,25.02,1012,79,20.58,100,2.55,overcast clouds
2020-11-22,08:00:00,23.75,24.43,1011,86,21.27,100,2.32,light rain
2020-11-22,09:00:00,24.2,24.97,1010,88,22.09,100,0,light rain
2020-11-22,10:00:00,22.37,22.96,1011,88,20.29,100,2.08,light rain
2020-11-22,11:00:00,22.25,22.85,1011,89,20.35,100,1.65,light rain
2020-11-22,12:00:00,22.37,23.04,1010,91,20.83,100,0,light intensity shower rain
2020-11-22,13:00:00,22.26,22.89,1013,90,20.54,100,1.33,light rain
2020-11-22,14:00:00,21.64,22.24,1013,91,20.11,100,1.37,light rain
2020-11-22,15:00:00,21.63,22.33,1013,95,20.79,75,0,light rain
2020-11-22,16:00:00,21.59,22.18,1014,91,20.06,100,1.12,overcast clouds
2020-11-22,17:00:00,21.21,21.81,1014,93,20.03,100,0.9,overcast clouds
2020-11-22,18:00:00,21.11,21.76,1013,95,20.28,40,1.5,scattered clouds
2020-11-22,19:00:00,21.02,21.63,1013,94,20.02,100,0.71,overcast clouds
2020-11-22,20:00:00,20.88,21.56,1012,97,20.39,100,0.79,overcast clouds
2020-11-22,21:00:00,20.8,21.49,1011,98,20.47,40,0,scattered clouds
2020-11-22,22:00:00,21.1,21.82,1011,98,20.77,100,0.7,overcast clouds
2020-11-22,23:00:00,20.54,21.23,1012,99,20.38,100,0.67,overcast clouds
2020-11-23,00:00:00,20.74,21.43,1011,98,20.41,40,0,scattered clouds
2020-11-23,01:00:00,20.87,21.55,1012,97,20.38,100,0.64,overcast clouds
2020-11-23,02:00:00,23.01,23.69,1013,89,21.1,100,0.63,overcast clouds
2020-11-23,03:00:00,23.5,24.31,1013,92,22.12,75,0,broken clouds
2020-11-23,04:00:00,23.42,24.17,1014,90,21.69,100,1.48,overcast clouds
2020-11-23,05:00:00,25.97,25.97,1014,81,22.46,100,1.84,overcast clouds
2020-11-23,06:00:00,26.29,26.29,1011,81,22.77,40,2.1,light intensity shower rain
2020-11-23,07:00:00,26.32,26.32,1012,80,22.59,100,2.23,light rain
2020-11-23,08:00:00,25.85,26.68,1011,84,22.94,100,2.21,light rain
2020-11-23,09:00:00,25.93,26.69,1008,81,22.42,75,1.5,light rain
2020-11-23,10:00:00,23.24,24.02,1010,92,21.87,100,2.49,light rain
2020-11-23,11:00:00,23.27,24.08,1010,93,22.07,100,1.62,light rain
2020-11-23,12:00:00,23.53,24.18,1009,86,21.05,100,2.1,light rain
2020-11-23,13:00:00,23.25,24.09,1011,94,22.23,100,1.14,overcast clouds
2020-11-23,14:00:00,22.59,23.41,1012,96,21.92,100,0.77,overcast clouds
2020-11-23,15:00:00,22.78,23.49,1011,91,21.23,100,0,overcast clouds
2020-11-23,16:00:00,22.78,23.62,1013,96,22.11,100,0.29,overcast clouds
2020-11-23,17:00:00,22.29,23.11,1013,97,21.79,100,0.29,overcast clouds
2020-11-23,18:00:00,22.44,23.14,1011,92,21.08,75,0,broken clouds
2020-11-23,19:00:00,22.32,23.11,1012,96,21.65,98,0.3,overcast clouds
2020-11-23,20:00:00,22.13,22.91,1012,96,21.46,98,0.29,overcast clouds
2020-11-23,21:00:00,21.91,22.72,1010,98,21.58,40,1,scattered clouds
2020-11-23,22:00:00,21.58,22.35,1010,98,21.25,99,0.26,light rain
2020-11-23,23:00:00,21.64,22.42,1010,98,21.31,100,0.3,overcast clouds
2020-11-24,00:00:00,21.85,22.6,1010,96,21.18,40,0,scattered clouds
